year,month,ICB_crisno,ICB_cracno,ICB_cracid,ICB_actor,ICB_crisname,ICB_cenvio,ICB_sevvio,ICB_trigym,ICB_termym,ICB_totaldura,ICB_dura,outcom_victory,outcom_compromise,outcom_stalemate,outcom_defeat,satisfy_all,satisfy_usonly,satisfy_enemyonly,satisfy_none,satisfy_us,nonsatisfy_us,yearmonth,presidentid,approve,disapprove,confidence,difference,approveL1,approve_detrend,appch,appchpc,disappch,disappchpc,demparty,term2,misery,miseryL1,elecmonth,electermid,elecyear,reelecyear,tenure,firstyear,partisan_conflict_monthly
1989,1,386,833,2,USA,LIBYAN JETS,4,2,1988m12,1989m1,2,2,1,0,0,0,1,0,0,0,1,0,198901,George Bush,51,6,89.473686,45,,-11.992316,,,,,0,0,10.067245,9.7194099,0,53,0,0,1,1,82.129997
1989,2,,,,,,,,,,,,0,,,,,,,,0,0,198902,George Bush,61,12,83.561646,49,51,-1.9698176,10,19.607843,6,100,0,0,10.027584,10.067245,0,53,0,0,2,1,77.559998
1989,3,,,,,,,,,,,,0,,,,,,,,0,0,198903,George Bush,59,15.5,79.194633,43.5,61,-3.9473193,-2,-3.2786884,3.5,29.166666,0,0,9.9785433,10.027584,0,53,0,0,3,1,82.790001
1989,4,,,,,,,,,,,,0,,,,,,,,0,0,198904,George Bush,55.5,16.5,77.083336,39,59,-7.4248209,-3.5,-5.9322033,1,6.4516129,0,0,10.323826,9.9785433,0,53,0,0,4,1,82.25
1989,5,,,,,,,,,,,,0,,,,,,,,0,0,198905,George Bush,58.400002,20.4,74.111679,38,55.5,-4.5023208,2.9000015,5.2252278,3.8999996,23.636362,0,0,10.561705,10.323826,0,53,0,0,5,1,92.199997
1989,6,,,,,,,,,,,,0,,,,,,,,0,0,198906,George Bush,64.666664,16,80.165291,48.666664,58.400002,1.7868401,6.2666626,10.730586,-4.3999996,-21.568626,0,0,10.46949,10.561705,0,53,0,0,6,1,95.57
1989,7,,,,,,,,,,,,0,,,,,,,,0,0,198907,George Bush,66,18,78.571426,48,64.666664,3.1426744,1.3333359,2.0618596,2,12.5,0,0,10.178904,10.46949,0,53,0,0,7,1,97.25
1989,8,,,,,,,,,,,,0,,,,,,,,0,0,198908,George Bush,64.333336,18.666666,77.51004,45.666672,66,1.4985086,-1.6666641,-2.5252488,0.66666603,3.7037001,0,0,9.9058809,10.178904,0,53,0,0,8,1,68.830002
1989,9,,,,,,,,,,,,0,,,,,,,,0,0,198909,George Bush,67.5,17,79.88166,50.5,64.333336,4.6876712,3.1666641,4.9222755,-1.666666,-8.9285679,0,0,9.6405649,9.9058809,0,53,0,0,9,1,87.459999
1989,10,,,,,,,,,,,,0,,,,,,,,0,0,198910,George Bush,64,19.666666,76.494026,44.333336,67.5,1.2101696,-3.5,-5.185185,2.666666,15.686271,0,0,9.7925138,9.6405649,0,53,0,0,10,1,98.82
1989,11,,,,,,,,,,,,0,,,,,,,,0,0,198911,George Bush,66,19.5,77.192986,46.5,64,3.2326679,2,3.125,-0.16666603,-0.84745443,0,0,10.055028,9.7925138,0,53,0,0,11,1,102.43
1989,12,391,841,2,USA,INVASION OF PANAMA,4,3,1989m12,1990m1,2,1,0,0,0,0,0,0,0,0,0,0,198912,George Bush,68.5,17.5,79.651161,51,66,5.7551665,2.5,3.7878788,-2,-10.256411,0,0,10.047302,10.055028,0,53,0,0,12,1,76.489998
1990,1,391,841,2,USA,INVASION OF PANAMA,4,3,1989m12,1990m1,2,2,1,0,0,0,0,1,0,0,1,0,199001,George Bush,79,10,88.764046,69,,18.257524,,,,,0,0,10.602315,10.047302,0,53,0,0,13,0,82.900002
1990,2,,,,,,,,,,,,0,,,,,,,,0,0,199002,George Bush,72.666664,15.333333,82.57576,57.333332,79,11.946687,-6.3333359,-8.016881,5.333333,53.333328,0,0,10.56316,10.602315,0,53,0,0,14,0,87.93
1990,3,,,,,,,,,,,,0,,,,,,,,0,0,199003,George Bush,70.5,18,79.661018,52.5,72.666664,9.8025208,-2.1666641,-2.981648,2.666667,17.391306,0,0,10.433028,10.56316,0,53,0,0,15,0,92.529999
1990,4,,,,,,,,,,,,0,,,,,,,,0,0,199004,George Bush,69,15.5,81.656807,53.5,70.5,8.3250198,-1.5,-2.1276596,-2.5,-13.888889,0,0,10.111612,10.433028,0,53,0,0,16,0,88.690002
1990,5,,,,,,,,,,,,0,,,,,,,,0,0,199005,George Bush,66,19.5,77.192986,46.5,69,5.347518,-3,-4.347826,4,25.806452,0,0,9.7618694,10.111612,0,53,0,0,17,0,100.21
1990,6,,,,,,,,,,,,0,,,,,,,,0,0,199006,George Bush,69,16,81.176468,53,66,8.3700161,3,4.5454545,-3.5,-17.948717,0,0,9.8736458,9.7618694,0,53,0,0,18,0,105.12
1990,7,,,,,,,,,,,,0,,,,,,,,0,0,199007,George Bush,61.400002,25,71.064812,36.400002,69,0.79251611,-7.5999985,-11.01449,9,56.25,0,0,10.323145,9.8736458,0,53,0,0,19,0,106.32
1990,8,,,,,,,,,,,,0,,,,,,,,0,0,199008,George Bush,73.285713,16.428572,81.687897,56.85714,61.400002,12.700727,11.885712,19.357836,-8.5714283,-34.285713,0,0,11.317984,10.323145,0,53,0,0,20,0,94.029999
1990,9,,,,,,,,,,,,0,,,,,,,,0,0,199009,George Bush,67.199997,21.200001,76.018097,45.999996,73.285713,6.6375084,-6.0857162,-8.3040962,4.7714291,29.04348,0,0,12.059998,11.317984,0,53,0,0,21,0,101.64
1990,10,393,846,2,USA,GULF WAR,4,4,1990m10,1991m4,7,1,0,0,0,0,0,0,0,0,0,0,199010,George Bush,56.599998,32.200001,63.738739,24.399998,67.199997,-3.9399917,-10.599998,-15.773808,11,51.886791,0,0,12.18981,12.059998,0,53,0,0,22,0,147.64999
1990,11,393,846,2,USA,GULF WAR,4,4,1990m10,1991m4,7,2,0,0,0,0,0,0,0,0,0,0,199011,George Bush,56,32.400002,63.348415,23.599998,56.599998,-4.5174918,-0.59999847,-1.060068,0.20000076,0.62112039,0,0,12.474822,12.18981,0,53,0,0,23,0,107.48
1990,12,393,846,2,USA,GULF WAR,4,4,1990m10,1991m4,7,3,0,0,0,0,0,0,0,0,0,0,199012,George Bush,60.75,29.25,67.5,31.5,56,0.25500661,4.75,8.4821424,-3.1500015,-9.7222261,0,0,12.406269,12.474822,0,53,0,0,24,0,85.489998
1991,1,393,846,2,USA,GULF WAR,4,4,1990m10,1991m4,7,4,0,0,0,0,0,0,0,0,0,0,199101,George Bush,74.555557,17.333334,81.136635,57.222221,,16.062922,,,,,0,0,12.051495,12.406269,0,53,0,0,25,0,85.980003
1991,2,393,846,2,USA,GULF WAR,4,4,1990m10,1991m4,7,5,0,0,0,0,0,0,0,0,0,0,199102,George Bush,80.833336,13.166667,85.992905,67.666672,74.555557,22.363199,6.2777786,8.420269,-4.166667,-24.038462,0,0,11.912502,12.051495,0,53,0,0,26,0,85.529999
1991,3,393,846,2,USA,GULF WAR,4,4,1990m10,1991m4,7,6,0,0,0,0,0,0,0,0,0,0,199103,George Bush,84.25,9.5,89.866669,74.75,80.833336,25.802361,3.4166641,4.2268009,-3.666667,-27.848103,0,0,11.695107,11.912502,0,53,0,0,27,0,93.209999
1991,4,393,846,2,USA,GULF WAR,4,4,1990m10,1991m4,7,7,1,0,0,0,0,1,0,0,1,0,199104,George Bush,77,13,85.555557,64,84.25,18.57486,-7.25,-8.605341,3.5,36.842106,0,0,11.587512,11.695107,0,53,0,0,28,0,94.410004
1991,5,,,,,,,,,,,,0,,,,,,,,0,0,199105,George Bush,74.75,16.5,81.917809,58.25,77,16.347359,-2.25,-2.9220779,3.5,26.923077,0,0,11.853567,11.587512,0,53,0,0,29,0,112.11
1991,6,,,,,,,,,,,,0,,,,,,,,0,0,199106,George Bush,70.666664,19.666666,78.228783,51,74.75,12.286521,-4.0833359,-5.4626565,3.166666,19.191916,0,0,11.595924,11.853567,0,53,0,0,30,0,125.53
1991,7,,,,,,,,,,,,0,,,,,,,,0,0,199107,George Bush,69.25,21,76.7313,48.25,70.666664,10.892355,-1.4166641,-2.0047135,1.333334,6.7796645,0,0,11.247856,11.595924,0,53,0,0,31,0,120.6
1991,8,,,,,,,,,,,,0,,,,,,,,0,0,199108,George Bush,69.400002,20.799999,76.940132,48.600002,69.25,11.064855,0.15000153,0.2166087,-0.20000076,-0.95238459,0,0,10.699392,11.247856,0,53,0,0,32,0,87.720001
1991,9,,,,,,,,,,,,0,,,,,,,,0,0,199109,George Bush,64.333336,25.333334,71.747215,39,69.400002,6.0206876,-5.0666656,-7.3006706,4.5333347,21.79488,0,0,10.291108,10.699392,0,53,0,0,33,0,107.41
1991,10,,,,,,,,,,,,0,,,,,,,,0,0,199110,George Bush,64,27.333334,70.07299,36.666664,64.333336,5.7098503,-0.33333588,-0.51813865,2,7.8947368,0,0,9.9213438,10.291108,0,53,0,0,34,0,117.94
1991,11,,,,,,,,,,,,0,,,,,,,,0,0,199111,George Bush,51,39,56.666668,12,64,-7.2676516,-13,-20.3125,11.666666,42.682922,0,0,9.9895363,9.9213438,0,53,0,0,35,0,115
1991,12,,,,,,,,,,,,0,,,,,,,,0,0,199112,George Bush,,,,,51,,,,,,0,0,10.364268,9.9895363,0,53,0,0,36,0,77.519997
1992,1,,,,,,,,,,,,0,,,,,,,,0,0,199201,George Bush,45,48,48.387096,-3,,-11.242795,,,,,0,0,9.9002972,10.364268,0,53,1,1,37,0,82.639999
1992,2,,,,,,,,,,,,0,,,,,,,,0,0,199202,George Bush,40.200001,49.400002,44.86607,-9.2000008,45,-16.020296,-4.7999992,-10.666665,1.4000015,2.9166698,0,0,10.218993,9.9002972,0,53,1,1,38,0,93.110001
1992,3,,,,,,,,,,,,0,,,,,,,,0,0,199203,George Bush,40.5,48.5,45.505619,-8,40.200001,-15.697799,0.29999924,0.74626672,-0.90000153,-1.8218654,0,0,10.585188,10.218993,0,53,1,1,39,0,109.56
1992,4,,,,,,,,,,,,0,,,,,,,,0,0,199204,George Bush,40.333332,49.333332,44.981411,-9,40.5,-15.841968,-0.16666794,-0.41152579,0.83333206,1.7182105,0,0,10.580476,10.585188,0,53,1,1,40,0,99.620003
1992,5,,,,,,,,,,,,0,,,,,,,,0,0,199205,George Bush,40.5,51.5,44.02174,-11,40.333332,-15.652802,0.16666794,0.41322631,2.1666679,4.3918948,0,0,10.623592,10.580476,0,53,1,1,41,0,106.55
1992,6,,,,,,,,,,,,0,,,,,,,,0,0,199206,George Bush,36.666668,54.666668,40.145985,-18,40.5,-19.463634,-3.8333321,-9.4650173,3.1666679,6.14887,0,0,10.888233,10.623592,0,53,1,1,42,0,117.97
1992,7,,,,,,,,,,,,0,,,,,,,,0,0,199207,George Bush,30.333334,59,33.955223,-28.666666,36.666668,-25.774471,-6.333334,-17.272728,4.3333321,7.926827,0,0,10.857124,10.888233,0,53,1,1,43,0,115.42
1992,8,,,,,,,,,,,,0,,,,,,,,0,0,199208,George Bush,36.666668,56,39.568348,-19.333332,30.333334,-19.418638,6.333334,20.879122,-3,-5.0847459,0,0,10.747868,10.857124,0,53,1,1,44,0,111.32
1992,9,,,,,,,,,,,,0,,,,,,,,0,0,199209,George Bush,34.75,56,38.292011,-21.25,36.666668,-21.312809,-1.9166679,-5.2272758,0,0,0,0,10.588343,10.747868,0,53,1,1,45,0,117.97
1992,10,,,,,,,,,,,,0,,,,,,,,0,0,199210,George Bush,34.666668,57,37.818184,-22.333332,34.75,-21.373642,-0.083332062,-0.23980449,1,1.7857143,0,0,10.502337,10.588343,0,53,1,1,46,0,133.49001
1992,11,,,,,,,,,,,,0,,,,,,,,0,0,199211,George Bush,42,46,47.727272,-4,34.666668,-14.017811,7.3333321,21.153841,-11,-19.298246,0,0,10.447893,10.502337,1,53,1,1,47,0,115.44
1992,12,,,,,,,,,,,,0,,,,,,,,0,0,199212,George Bush,48.5,43.5,52.717392,5,42,-7.4953127,6.5,15.476191,-2.5,-5.4347825,0,0,10.300653,10.447893,0,54,0,0,48,0,80.110001
1993,1,,,,,,,,,,,,0,,,,,,,,0,0,199301,William J. Clinton,55.666668,29,65.748032,26.666668,,-6.9614348,,,,,1,0,10.558508,10.300653,0,54,0,0,1,1,92.769997
1993,2,,,,,,,,,,,,0,,,,,,,,0,0,199302,William J. Clinton,54.5,30.5,64.117645,24,55.666668,-8.1056042,-1.1666679,-2.0958107,1.5,5.1724138,1,0,10.346753,10.558508,0,54,0,0,2,1,96.68
1993,3,408,885,2,USA,N. KOREA NUCLEAR I,1,1,1993m3,1994m10,20,1,0,0,0,0,0,0,0,0,0,0,199303,William J. Clinton,52,35,59.770115,17,54.5,-10.583106,-2.5,-4.5871558,4.5,14.754098,1,0,10.086864,10.346753,0,54,0,0,3,1,96.559998
1993,4,408,885,2,USA,N. KOREA NUCLEAR I,1,1,1993m3,1994m10,20,2,0,0,0,0,0,0,0,0,0,0,199304,William J. Clinton,55,37,59.782608,18,52,-7.5606079,3,5.7692308,2,5.7142859,1,0,10.325807,10.086864,0,54,0,0,4,1,130.03
1993,5,408,885,2,USA,N. KOREA NUCLEAR I,1,1,1993m3,1994m10,20,3,0,0,0,0,0,0,0,0,0,0,199305,William J. Clinton,44,44.5,49.717514,-0.5,55,-18.538109,-11,-20,7.5,20.270269,1,0,10.321188,10.325807,0,54,0,0,5,1,121.8
1993,6,408,885,2,USA,N. KOREA NUCLEAR I,1,1,1993m3,1994m10,20,4,0,0,0,0,0,0,0,0,0,0,199306,William J. Clinton,39.666668,48.666668,44.905659,-9,44,-22.848944,-4.3333321,-9.8484821,4.1666679,9.3632984,1,0,9.995718,10.321188,0,54,0,0,6,1,101.81
1993,7,408,885,2,USA,N. KOREA NUCLEAR I,1,1,1993m3,1994m10,20,5,0,0,0,0,0,0,0,0,0,0,199307,William J. Clinton,45,45.5,49.723759,-0.5,39.666668,-17.493113,5.3333321,13.445374,-3.1666679,-6.5068517,1,0,9.6757965,9.995718,0,54,0,0,7,1,91.690002
1993,8,408,885,2,USA,N. KOREA NUCLEAR I,1,1,1993m3,1994m10,20,6,0,0,0,0,0,0,0,0,0,0,199308,William J. Clinton,43.5,46.5,48.333332,-3,45,-18.970613,-1.5,-3.3333333,1,2.1978023,1,0,9.5679274,9.6757965,0,54,0,0,8,1,91.400002
1993,9,408,885,2,USA,N. KOREA NUCLEAR I,1,1,1993m3,1994m10,20,7,0,0,0,0,0,0,0,0,0,0,199309,William J. Clinton,49.333332,39,55.849056,10.333332,43.5,-13.114783,5.8333321,13.409959,-7.5,-16.129032,1,0,9.3893156,9.5679274,0,54,0,0,9,1,88.199997
1993,10,408,885,2,USA,N. KOREA NUCLEAR I,1,1,1993m3,1994m10,20,8,0,0,0,0,0,0,0,0,0,0,199310,William J. Clinton,48,43,52.747253,5,49.333332,-14.425617,-1.3333321,-2.7027001,4,10.256411,1,0,9.5503483,9.3893156,0,54,0,0,10,1,90.199997
1993,11,408,885,2,USA,N. KOREA NUCLEAR I,1,1,1993m3,1994m10,20,9,0,0,0,0,0,0,0,0,0,0,199311,William J. Clinton,47.666668,43,52.573528,4.6666679,48,-14.736451,-0.33333206,-0.6944418,0,0,1,0,9.2760582,9.5503483,0,54,0,0,11,1,89.610001
1993,12,408,885,2,USA,N. KOREA NUCLEAR I,1,1,1993m3,1994m10,20,10,0,0,0,0,0,0,0,0,0,0,199312,William J. Clinton,49.5,40,55.307262,9.5,47.666668,-12.880621,1.8333321,3.8461511,-3,-6.9767442,1,0,9.2484207,9.2760582,0,54,0,0,12,1,81.779999
1994,1,408,885,2,USA,N. KOREA NUCLEAR I,1,1,1993m3,1994m10,20,11,0,0,0,0,0,0,0,0,0,0,199401,William J. Clinton,54.666668,36.666668,59.854015,18,,-5.7115946,,,,,1,0,9.1245375,9.2484207,0,54,0,0,13,0,79.800003
1994,2,408,885,2,USA,N. KOREA NUCLEAR I,1,1,1993m3,1994m10,20,12,0,0,0,0,0,0,0,0,0,0,199402,William J. Clinton,53,40,56.989246,13,54.666668,-7.3557644,-1.6666679,-3.0487828,3.3333321,9.0909052,1,0,9.1157169,9.1245375,0,54,0,0,14,0,79
1994,3,408,885,2,USA,N. KOREA NUCLEAR I,1,1,1993m3,1994m10,20,13,0,0,0,0,0,0,0,0,0,0,199403,William J. Clinton,50.5,41,55.191257,9.5,53,-9.8332663,-2.5,-4.7169809,1,2.5,1,0,9.0069571,9.1157169,0,54,0,0,15,0,78.260002
1994,4,408,885,2,USA,N. KOREA NUCLEAR I,1,1,1993m3,1994m10,20,14,0,0,0,0,0,0,0,0,0,0,199404,William J. Clinton,49,42,53.846153,7,50.5,-11.310767,-1.5,-2.9702971,1,2.4390244,1,0,8.7611065,9.0069571,0,54,0,0,16,0,72.879997
1994,5,408,885,2,USA,N. KOREA NUCLEAR I,1,1,1993m3,1994m10,20,15,0,0,0,0,0,0,0,0,0,0,199405,William J. Clinton,50,42,54.347828,8,49,-10.288269,1,2.0408163,0,0,1,0,8.3884907,8.7611065,0,54,0,0,17,0,77.550003
1994,6,408,885,2,USA,N. KOREA NUCLEAR I,1,1,1993m3,1994m10,20,16,0,0,0,0,0,0,0,0,0,0,199406,William J. Clinton,46,45.666668,50.181816,0.33333206,50,-14.265771,-4,-8,3.6666679,8.7301617,1,0,8.5930786,8.3884907,0,54,0,0,18,0,85.480003
1994,7,408,885,2,USA,N. KOREA NUCLEAR I,1,1,1993m3,1994m10,20,17,0,0,0,0,0,0,0,0,0,0,199407,William J. Clinton,42.5,48,46.961327,-5.5,46,-17.743273,-3.5,-7.6086955,2.3333321,5.1094861,1,0,8.8700829,8.5930786,0,54,0,0,19,0,79.82
1994,7,411,890,2,USA,HAITI MIL. REGIME,1,1,1994m7,1994m10,4,1,0,0,0,0,0,0,0,0,0,0,199407,William J. Clinton,42.5,48,46.961327,-5.5,46,-17.743273,-3.5,-7.6086955,2.3333321,5.1094861,1,0,8.8700829,8.5930786,0,54,0,0,19,0,79.82
1994,8,408,885,2,USA,N. KOREA NUCLEAR I,1,1,1993m3,1994m10,20,18,0,0,0,0,0,0,0,0,0,0,199408,William J. Clinton,41,49.5,45.303867,-8.5,42.5,-19.220774,-1.5,-3.5294118,1.5,3.125,1,0,8.9005508,8.8700829,0,54,0,0,20,0,84.68
1994,8,411,890,2,USA,HAITI MIL. REGIME,1,1,1994m7,1994m10,4,2,0,0,0,0,0,0,0,0,0,0,199408,William J. Clinton,41,49.5,45.303867,-8.5,42.5,-19.220774,-1.5,-3.5294118,1.5,3.125,1,0,8.9005508,8.8700829,0,54,0,0,20,0,84.68
1994,9,408,885,2,USA,N. KOREA NUCLEAR I,1,1,1993m3,1994m10,20,19,0,0,0,0,0,0,0,0,0,0,199409,William J. Clinton,41.333332,51.333332,44.604317,-10,41,-18.864943,0.33333206,0.81300503,1.8333321,3.703701,1,0,8.8634653,8.9005508,0,54,0,0,21,0,85.379997
1994,9,411,890,2,USA,HAITI MIL. REGIME,1,1,1994m7,1994m10,4,3,0,0,0,0,0,0,0,0,0,0,199409,William J. Clinton,41.333332,51.333332,44.604317,-10,41,-18.864943,0.33333206,0.81300503,1.8333321,3.703701,1,0,8.8634653,8.9005508,0,54,0,0,21,0,85.379997
1994,10,408,885,2,USA,N. KOREA NUCLEAR I,1,1,1993m3,1994m10,20,20,0,1,0,0,1,0,0,0,1,0,199410,William J. Clinton,43.333332,49.666668,46.594982,-6.3333359,41.333332,-16.842445,2,4.8387098,-1.6666641,-3.2467484,1,0,8.4081011,8.8634653,0,54,0,0,22,0,95.57
1994,10,411,890,2,USA,HAITI MIL. REGIME,1,1,1994m7,1994m10,4,4,1,0,0,0,0,1,0,0,1,0,199410,William J. Clinton,43.333332,49.666668,46.594982,-6.3333359,41.333332,-16.842445,2,4.8387098,-1.6666641,-3.2467484,1,0,8.4081011,8.8634653,0,54,0,0,22,0,95.57
1994,10,412,894,2,USA,IRAQ DEPLOY./KUWAIT,1,1,1994m10,1994m11,2,1,0,0,0,0,0,0,0,0,0,0,199410,William J. Clinton,43.333332,49.666668,46.594982,-6.3333359,41.333332,-16.842445,2,4.8387098,-1.6666641,-3.2467484,1,0,8.4081011,8.8634653,0,54,0,0,22,0,95.57
1994,11,412,894,2,USA,IRAQ DEPLOY./KUWAIT,1,1,1994m10,1994m11,2,2,1,0,0,0,0,1,0,0,1,0,199411,William J. Clinton,44,47,48.35165,-3,43.333332,-16.153278,0.66666794,1.5384645,-2.6666679,-5.3691301,1,0,8.2748928,8.4081011,0,54,0,0,23,0,113.41
1994,12,,,,,,,,,,,,0,,,,,,,,0,0,199412,William J. Clinton,41.333332,51,44.765343,-9.6666679,44,-18.797449,-2.6666679,-6.0606089,4,8.5106382,1,0,8.1748924,8.2748928,0,54,0,0,24,0,82.93
1995,1,,,,,,,,,,,,0,,,,,,,,0,0,199501,William J. Clinton,46,45,50.54945,1,,-12.128423,,,,,1,0,8.4043818,8.1748924,0,54,0,0,25,0,98.57
1995,2,,,,,,,,,,,,0,,,,,,,,0,0,199502,William J. Clinton,45,45.5,49.723759,-0.5,46,-13.105924,-1,-2.173913,0.5,1.1111112,1,0,8.2629833,8.4043818,0,54,0,0,26,0,113.22
1995,3,,,,,,,,,,,,0,,,,,,,,0,0,199503,William J. Clinton,43.5,46,48.603352,-2.5,45,-14.583426,-1.5,-3.3333333,0.5,1.0989012,1,0,8.2532587,8.2629833,0,54,0,0,27,0,106.52
1995,4,,,,,,,,,,,,0,,,,,,,,0,0,199504,William J. Clinton,47.333332,42.666668,52.59259,4.6666641,43.5,-10.727595,3.8333321,8.8122578,-3.3333321,-7.2463741,1,0,8.8529177,8.2532587,0,54,0,0,28,0,102.52
1995,5,,,,,,,,,,,,0,,,,,,,,0,0,199505,William J. Clinton,50,42,54.347828,8,47.333332,-8.0384293,2.6666679,5.6338058,-0.66666794,-1.562503,1,0,8.786438,8.8529177,0,54,0,0,29,0,111.97
1995,6,,,,,,,,,,,,0,,,,,,,,0,0,199506,William J. Clinton,46,42,52.272728,4,50,-12.01593,-4,-8,0,0,1,0,8.6405401,8.786438,0,54,0,0,30,0,117.71
1995,7,,,,,,,,,,,,0,,,,,,,,0,0,199507,William J. Clinton,46.5,43,51.955307,3.5,46,-11.493432,0.5,1.0869565,1,2.3809524,1,0,8.4628067,8.6405401,0,54,0,0,31,0,99.120003
1995,8,,,,,,,,,,,,0,,,,,,,,0,0,199508,William J. Clinton,45,42.5,51.42857,2.5,46.5,-12.970934,-1.5,-3.2258065,-0.5,-1.1627907,1,0,8.3174458,8.4628067,0,54,0,0,32,0,87.239998
1995,9,,,,,,,,,,,,0,,,,,,,,0,0,199509,William J. Clinton,45,43,51.136364,2,45,-12.948435,0,0,0.5,1.1764706,1,0,8.1435089,8.3174458,0,54,0,0,33,0,100.35
1995,10,,,,,,,,,,,,0,,,,,,,,0,0,199510,William J. Clinton,47.5,40.5,53.977272,7,45,-10.425937,2.5,5.5555553,-2.5,-5.8139534,1,0,8.3093624,8.1435089,0,54,0,0,34,0,104.14
1995,11,,,,,,,,,,,,0,,,,,,,,0,0,199511,William J. Clinton,52.5,38.5,57.692307,14,47.5,-5.4034386,5,10.526316,-2,-4.9382715,1,0,8.2052164,8.3093624,0,54,0,0,35,0,138
1995,12,,,,,,,,,,,,0,,,,,,,,0,0,199512,William J. Clinton,50,43,53.763439,7,52.5,-7.88094,-2.5,-4.7619047,4.5,11.688312,1,0,8.1384125,8.2052164,0,54,0,0,36,0,129.24001
1996,1,,,,,,,,,,,,0,,,,,,,,0,0,199601,William J. Clinton,46.666668,45.666668,50.541515,1,,-9.2119141,,,,,1,0,8.3278713,8.1384125,0,54,1,1,37,0,128.37
1996,2,,,,,,,,,,,,0,,,,,,,,0,0,199602,William J. Clinton,53,40,56.989246,13,46.666668,-2.8560839,6.3333321,13.571425,-5.6666679,-12.408762,1,0,8.1507626,8.3278713,0,54,1,1,38,0,99.050003
1996,3,,,,,,,,,,,,0,,,,,,,,0,0,199603,William J. Clinton,53,37.5,58.563538,15.5,53,-2.8335853,0,0,-2.5,-6.25,1,0,8.3401604,8.1507626,0,54,1,1,39,0,119.44
1996,4,,,,,,,,,,,,0,,,,,,,,0,0,199604,William J. Clinton,54.5,38,58.918919,16.5,53,-1.311087,1.5,2.8301888,0.5,1.3333334,1,0,8.4966488,8.3401604,0,54,1,1,40,0,107.49
1996,5,,,,,,,,,,,,0,,,,,,,,0,0,199605,William J. Clinton,53.5,38,58.469944,15.5,54.5,-2.2885885,-1,-1.8348624,0,0,1,0,8.4909391,8.4966488,0,54,1,1,41,0,120.63
1996,6,,,,,,,,,,,,0,,,,,,,,0,0,199606,William J. Clinton,54,38.5,58.37838,15.5,53.5,-1.7660902,0.5,0.93457943,0.5,1.3157895,1,0,8.0540962,8.4909391,0,54,1,1,42,0,102.95
1996,7,,,,,,,,,,,,0,,,,,,,,0,0,199607,William J. Clinton,56.5,35,61.748634,21.5,54,0.75640827,2.5,4.6296296,-3.5,-9.090909,1,0,8.45082,8.0540962,0,54,1,1,43,0,99.389999
1996,8,419,908,2,USA,DESERT STRIKE,4,2,1996m8,1996m9,2,1,0,0,0,0,0,0,0,0,0,0,199608,William J. Clinton,55.25,36.75,60.054348,18.5,56.5,-0.47109336,-1.25,-2.2123895,1.75,5,1,0,7.977704,8.45082,0,54,1,1,44,0,108.96
1996,9,419,908,2,USA,DESERT STRIKE,4,2,1996m8,1996m9,2,2,1,0,0,0,0,1,0,0,1,0,199609,William J. Clinton,,,,,55.25,,,,,,1,0,8.2026148,7.977704,0,54,1,1,45,0,90.050003
1996,10,,,,,,,,,,,,0,,,,,,,,0,0,199610,William J. Clinton,56,35,61.53846,21,,0.32390344,,,,,1,0,8.1928473,8.2026148,0,54,1,1,46,0,96.150002
1996,11,,,,,,,,,,,,0,,,,,,,,0,0,199611,William J. Clinton,57,34,62.637363,23,56,1.3464018,1,1.7857143,-1,-2.8571429,1,0,8.6552086,8.1928473,1,54,1,1,47,0,84.629997
1996,12,,,,,,,,,,,,0,,,,,,,,0,0,199612,William J. Clinton,57,34,62.637363,23,57,1.3689003,0,0,0,0,1,0,8.7224798,8.6552086,0,55,0,0,48,0,76.410004
1997,1,,,,,,,,,,,,0,,,,,,,,0,0,199701,William J. Clinton,59,31.333334,65.313652,27.666666,,5.3712583,,,,,1,1,8.3440495,8.7224798,0,55,0,0,49,0,82.779999
1997,2,,,,,,,,,,,,0,,,,,,,,0,0,199702,William J. Clinton,56,32,63.636364,24,59,2.3937564,-3,-5.0847459,0.66666603,2.1276574,1,1,8.2342234,8.3440495,0,55,0,0,50,0,85.290001
1997,3,,,,,,,,,,,,0,,,,,,,,0,0,199703,William J. Clinton,59,35,62.765957,24,56,5.416255,3,5.3571429,3,9.375,1,1,7.9617233,8.2342234,0,55,0,0,51,0,90.050003
1997,4,,,,,,,,,,,,0,,,,,,,,0,0,199704,William J. Clinton,54,36.5,59.668507,17.5,59,0.43875331,-5,-8.474576,1.5,4.2857141,1,1,7.5951977,7.9617233,0,55,0,0,52,0,86.849998
1997,5,,,,,,,,,,,,0,,,,,,,,0,0,199705,William J. Clinton,56.5,35,61.748634,21.5,54,2.9612517,2.5,4.6296296,-1.5,-4.1095891,1,1,7.1349936,7.5951977,0,55,0,0,53,0,91.269997
1997,6,,,,,,,,,,,,0,,,,,,,,0,0,199706,William J. Clinton,55,35,61.111111,20,56.5,1.4837501,-1.5,-2.6548672,0,0,1,1,7.2973871,7.1349936,0,55,0,0,54,0,99.919998
1997,7,,,,,,,,,,,,0,,,,,,,,0,0,199707,William J. Clinton,58,34,63.04348,24,55,4.5062485,3,5.4545455,-1,-2.8571429,1,1,7.1292992,7.2973871,0,55,0,0,55,0,76
1997,8,,,,,,,,,,,,0,,,,,,,,0,0,199708,William J. Clinton,60,32.5,64.864868,27.5,58,6.5287471,2,3.4482758,-1.5,-4.4117646,1,1,7.0250478,7.1292992,0,55,0,0,56,0,74.93
1997,9,,,,,,,,,,,,0,,,,,,,,0,0,199709,William J. Clinton,58.5,29.5,66.477272,29,60,5.0512452,-1.5,-2.5,-3,-9.2307692,1,1,7.0546227,7.0250478,0,55,0,0,57,0,81.190002
1997,10,,,,,,,,,,,,0,,,,,,,,0,0,199710,William J. Clinton,56.5,33.5,62.777779,23,58.5,3.0737438,-2,-3.4188035,4,13.559322,1,1,6.7846508,7.0546227,0,55,0,0,58,0,90.150002
1997,11,422,913,2,USA,UNSCOM I,1,1,1997m11,1998m2,4,1,0,0,0,0,0,0,0,0,0,0,199711,William J. Clinton,59,30.5,65.921791,28.5,56.5,5.596242,2.5,4.4247789,-3,-8.955224,1,1,6.4284954,6.7846508,0,55,0,0,59,0,87.290001
1997,12,422,913,2,USA,UNSCOM I,1,1,1997m11,1998m2,4,2,0,0,0,0,0,0,0,0,0,0,199712,William J. Clinton,55,36,60.43956,19,59,1.6187406,-4,-6.7796612,5.5,18.032787,1,1,6.4023938,6.4284954,0,55,0,0,60,0,70.239998
1998,1,422,913,2,USA,UNSCOM I,1,1,1997m11,1998m2,4,3,0,0,0,0,0,0,0,0,0,0,199801,William J. Clinton,61.833332,31.333334,66.368515,30.499998,,10.454431,,,,,1,1,6.1713386,6.4023938,0,55,0,0,61,0,72.010002
1998,2,422,913,2,USA,UNSCOM I,1,1,1997m11,1998m2,4,4,1,0,0,0,1,0,0,0,1,0,199802,William J. Clinton,65.5,29,69.312172,36.5,61.833332,14.143597,3.6666679,5.9299212,-2.333334,-7.4468102,1,1,6.0410948,6.1713386,0,55,0,0,62,0,79.029999
1998,3,,,,,,,,,,,,0,,,,,,,,0,0,199803,William J. Clinton,64.666664,29.333334,68.794327,35.333328,65.5,13.332759,-0.83333588,-1.2722685,0.33333397,1.1494275,1,1,6.0749979,6.0410948,0,55,0,0,63,0,88.870003
1998,4,,,,,,,,,,,,0,,,,,,,,0,0,199804,William J. Clinton,65,29,69.148933,36,64.666664,13.688594,0.33333588,0.51546788,-0.33333397,-1.1363658,1,1,5.7357073,6.0749979,0,55,0,0,64,0,89.510002
1998,5,,,,,,,,,,,,0,,,,,,,,0,0,199805,William J. Clinton,64,30,68.085106,34,65,12.711092,-1,-1.5384616,1,3.4482758,1,1,6.0864439,5.7357073,0,55,0,0,65,0,96.839996
1998,6,,,,,,,,,,,,0,,,,,,,,0,0,199806,William J. Clinton,60,33,64.516129,27,64,8.7335901,-4,-6.25,3,10,1,1,6.18434,6.0864439,0,55,0,0,66,0,91.239998
1998,7,,,,,,,,,,,,0,,,,,,,,0,0,199807,William J. Clinton,62.666668,31.666666,66.431099,31.000002,60,11.422757,2.6666679,4.4444466,-1.333334,-4.0404058,1,1,6.182241,6.18434,0,55,0,0,67,0,87.68
1998,8,427,929,2,USA,US EMBASSY BOMBINGS,4,2,1998m8,1998m8,1,1,0,1,0,0,0,1,0,0,1,0,199808,William J. Clinton,62.333332,31.5,66.42984,30.833332,62.666668,11.111919,-0.33333588,-0.53191894,-0.16666603,-0.52631378,1,1,6.11691,6.182241,0,55,0,0,68,0,83.550003
1998,9,,,,,,,,,,,,0,,,,,,,,0,0,199809,William J. Clinton,62.285713,33,65.367317,29.285713,62.333332,11.086799,-0.047618866,-0.076393902,1.5,4.7619047,1,1,6.0888395,6.11691,0,55,0,0,69,0,98.419998
1998,10,429,933,2,USA,UNSCOM II,4,3,1998m10,1998m12,3,1,0,0,0,0,0,0,0,0,0,0,199810,William J. Clinton,64.5,31.25,67.362923,33.25,62.285713,13.323584,2.2142868,3.5550478,-1.75,-5.3030305,1,1,5.9851446,6.0888395,0,55,0,0,70,0,117.65
1998,11,429,933,2,USA,UNSCOM II,4,3,1998m10,1998m12,3,2,0,0,0,0,0,0,0,0,0,0,199811,William J. Clinton,65,30.5,68.062828,34.5,64.5,13.846083,0.5,0.77519381,-0.75,-2.4000001,1,1,5.9479876,5.9851446,0,55,0,0,71,0,81.860001
1998,12,429,933,2,USA,UNSCOM II,4,3,1998m10,1998m12,3,3,0,1,0,0,0,1,0,0,1,0,199812,William J. Clinton,64,31.5,67.015709,32.5,65,12.868581,-1,-1.5384616,1,3.2786884,1,1,6.0118976,5.9479876,0,55,0,0,72,0,83.709999
1999,1,,,,,,,,,,,,0,,,,,,,,0,0,199901,William J. Clinton,67,30.6,68.647537,36.400002,,17.870939,,,,,1,1,5.9707904,6.0118976,0,55,0,0,73,0,84.120003
1999,2,430,945,2,USA,KOSOVO,3,3,1999m2,1999m6,5,1,0,0,0,0,0,0,0,0,0,0,199902,William J. Clinton,64.571426,31.571428,67.161964,33,67,15.464864,-2.4285736,-3.6247368,0.97142792,3.1746011,1,1,6.0059338,5.9707904,0,55,0,0,74,0,84.150002
1999,3,430,945,2,USA,KOSOVO,3,3,1999m2,1999m6,5,2,0,0,0,0,0,0,0,0,0,0,199903,William J. Clinton,64,31.5,67.015709,32.5,64.571426,14.915936,-0.57142639,-0.88495243,-0.071428299,-0.22624348,1,1,5.9262657,6.0059338,0,55,0,0,75,0,85.870003
1999,4,430,945,2,USA,KOSOVO,3,3,1999m2,1999m6,5,3,0,0,0,0,0,0,0,0,0,0,199904,William J. Clinton,59,35.25,62.599468,23.75,64,9.9384336,-5,-7.8125,3.75,11.904762,1,1,6.5769215,5.9262657,0,55,0,0,76,0,83.790001
1999,5,430,945,2,USA,KOSOVO,3,3,1999m2,1999m6,5,4,0,0,0,0,0,0,0,0,0,0,199905,William J. Clinton,58,37,61.052631,21,59,8.9609318,-1,-1.6949153,1.75,4.9645391,1,1,6.2884483,6.5769215,0,55,0,0,77,0,93.150002
1999,6,430,945,2,USA,KOSOVO,3,3,1999m2,1999m6,5,5,1,0,0,0,0,1,0,0,1,0,199906,William J. Clinton,59,36.333332,61.888111,22.666668,58,9.9834309,1,1.7241379,-0.66666794,-1.8018053,1,1,6.2631884,6.2884483,0,55,0,0,78,0,89.230003
1999,7,,,,,,,,,,,,0,,,,,,,,0,0,199907,William J. Clinton,59.666668,34.666668,63.250881,25,59,10.672597,0.66666794,1.1299456,-1.6666641,-4.5871491,1,1,6.4446077,6.2631884,0,55,0,0,79,0,95.449997
1999,8,,,,,,,,,,,,0,,,,,,,,0,0,199908,William J. Clinton,59.333332,35,62.897526,24.333332,59.666668,10.361759,-0.33333588,-0.55866349,0.33333206,0.96153474,1,1,6.4643893,6.4446077,0,55,0,0,80,0,83.160004
1999,9,,,,,,,,,,,,0,,,,,,,,0,0,199909,William J. Clinton,59.5,37.5,61.340206,22,59.333332,10.550926,0.16666794,0.28090101,2.5,7.1428571,1,1,6.8283539,6.4643893,0,55,0,0,81,0,91.400002
1999,10,,,,,,,,,,,,0,,,,,,,,0,0,199910,William J. Clinton,57.5,36.5,61.170212,21,59.5,8.5734243,-2,-3.3613446,-1,-2.6666667,1,1,6.6609735,6.8283539,0,55,0,0,82,0,105.52
1999,11,,,,,,,,,,,,0,,,,,,,,0,0,199911,William J. Clinton,58.5,37,61.256546,21.5,57.5,9.5959225,1,1.7391304,0.5,1.369863,1,1,6.7219529,6.6609735,0,55,0,0,83,0,88.769997
1999,12,,,,,,,,,,,,0,,,,,,,,0,0,199912,William J. Clinton,56.5,38,59.788361,18.5,58.5,7.6184211,-2,-3.4188035,1,2.7027028,1,1,6.6845694,6.7219529,0,55,0,0,84,0,62.77
2000,1,,,,,,,,,,,,0,,,,,,,,0,0,200001,William J. Clinton,61.75,34,64.49086,27.75,,14.870779,,,,,1,1,6.7388926,6.6845694,0,55,1,0,85,0,77.279999
2000,2,,,,,,,,,,,,0,,,,,,,,0,0,200002,William J. Clinton,59.666668,35.333332,62.807018,24.333336,61.75,12.809945,-2.0833321,-3.3738172,1.3333321,3.9215648,1,1,7.3218861,6.7388926,0,55,1,0,86,0,86.639999
2000,3,,,,,,,,,,,,0,,,,,,,,0,0,200003,William J. Clinton,60,35.333332,62.937065,24.666668,59.666668,13.165775,0.33333206,0.55865705,0,0,1,1,7.7575741,7.3218861,0,55,1,0,87,0,94.669998
2000,4,,,,,,,,,,,,0,,,,,,,,0,0,200004,William J. Clinton,58,39,59.793816,19,60,11.188274,-2,-3.3333333,3.6666679,10.377362,1,1,6.8685961,7.7575741,0,55,1,0,88,0,80.760002
2000,5,,,,,,,,,,,,0,,,,,,,,0,0,200005,William J. Clinton,57,36,61.290321,21,58,10.210773,-1,-1.7241379,-3,-7.6923075,1,1,7.188931,6.8685961,0,55,1,0,89,0,79.510002
2000,6,,,,,,,,,,,,0,,,,,,,,0,0,200006,William J. Clinton,56.5,37.5,60.106384,19,57,9.7332706,-0.5,-0.87719297,1.5,4.1666665,1,1,7.7304435,7.188931,0,55,1,0,90,0,73.800003
2000,7,,,,,,,,,,,,0,,,,,,,,0,0,200007,William J. Clinton,58,36.666668,61.267605,21.333332,56.5,11.25577,1.5,2.6548672,-0.83333206,-2.2222188,1,1,7.6592722,7.7304435,0,55,1,0,91,0,86.93
2000,8,,,,,,,,,,,,0,,,,,,,,0,0,200008,William J. Clinton,60.75,35,63.446476,25.75,58,14.028268,2.75,4.7413793,-1.6666679,-4.5454578,1,1,7.5111289,7.6592722,0,55,1,0,92,0,64.779999
2000,9,,,,,,,,,,,,0,,,,,,,,0,0,200009,William J. Clinton,60,34,63.829788,26,60.75,13.300766,-0.75,-1.2345679,-1,-2.8571429,1,1,7.3544393,7.5111289,0,55,1,0,93,0,66.269997
2000,10,,,,,,,,,,,,0,,,,,,,,0,0,200010,William J. Clinton,57,37,60.638298,20,60,10.323264,-3,-5,3,8.8235292,1,1,7.348278,7.3544393,0,55,1,0,94,0,85.120003
2000,11,,,,,,,,,,,,0,,,,,,,,0,0,200011,William J. Clinton,63,32,66.315788,31,57,16.345762,6,10.526316,-5,-13.513514,1,1,7.3462286,7.348278,1,55,1,0,95,0,105.89
2000,12,,,,,,,,,,,,0,,,,,,,,0,0,200012,William J. Clinton,65,30.5,68.062828,34.5,63,18.368261,2,3.1746032,-1.5,-4.6875,1,1,7.2868075,7.3462286,0,56,0,0,96,0,98.5
2001,1,,,,,,,,,,,,0,,,,,,,,0,0,200101,George W. Bush,,,,,,,,,,,0,0,7.932229,7.2868075,0,56,0,0,1,1,83.489998
2001,2,,,,,,,,,,,,0,,,,,,,,0,0,200102,George W. Bush,58.333332,23.333334,71.428574,35,,1.0452113,,,,,0,0,7.7335687,7.932229,0,56,0,0,2,1,79.029999
2001,3,,,,,,,,,,,,0,,,,,,,,0,0,200103,George W. Bush,57.333332,26,68.800003,31.333332,58.333332,0.067709692,-1,-1.7142857,2.666666,11.428569,0,0,7.220561,7.7335687,0,56,0,0,3,1,78.230003
2001,4,,,,,,,,,,,,0,,,,,,,,0,0,200104,George W. Bush,60.5,29,67.597763,31.5,57.333332,3.256876,3.1666679,5.5232582,3,11.538462,0,0,7.6691132,7.220561,0,56,0,0,4,1,77.75
2001,5,,,,,,,,,,,,0,,,,,,,,0,0,200105,George W. Bush,54.666668,32.666668,62.595421,22,60.5,-2.5539577,-5.8333321,-9.6418715,3.6666679,12.643682,0,0,7.9151587,7.6691132,0,56,0,0,5,1,85.529999
2001,6,,,,,,,,,,,,0,,,,,,,,0,0,200106,George W. Bush,52.25,36.25,59.039547,16,54.666668,-4.9481273,-2.4166679,-4.4207339,3.5833321,10.969383,0,0,7.7482634,7.9151587,0,56,0,0,6,1,89.349998
2001,7,,,,,,,,,,,,0,,,,,,,,0,0,200107,George W. Bush,56,33.5,62.569832,22.5,52.25,-1.1756288,3.75,7.1770334,-2.75,-7.5862069,0,0,7.3199053,7.7482634,0,56,0,0,7,1,71.699997
2001,8,,,,,,,,,,,,0,,,,,,,,0,0,200108,George W. Bush,56,34.25,62.049862,21.75,56,-1.1531304,0,0,0.75,2.238806,0,0,7.6199055,7.3199053,0,56,0,0,8,1,72.75
2001,9,434,955,2,USA,AFGHANISTAN/US,4,3,2001m9,2001m12,4,1,0,0,0,0,0,0,0,0,0,0,200109,George W. Bush,75,18,80.645164,57,56,17.869368,19,33.92857,-16.25,-47.445255,0,0,7.6482477,7.6199055,0,56,0,0,9,1,59.259998
2001,10,434,955,2,USA,AFGHANISTAN/US,4,3,2001m9,2001m12,4,2,0,0,0,0,0,0,0,0,0,0,200110,George W. Bush,88,8.666667,91.034485,79.333336,75,30.891867,13,17.333334,-9.333333,-51.851849,0,0,7.4264355,7.6482477,0,56,0,0,10,1,70.459999
2001,11,434,955,2,USA,AFGHANISTAN/US,4,3,2001m9,2001m12,4,3,0,0,0,0,0,0,0,0,0,0,200111,George W. Bush,86,9,90.526314,77,88,28.914366,-2,-2.2727273,0.33333302,3.8461499,0,0,7.3954554,7.4264355,0,56,0,0,11,1,80.93
2001,12,434,955,2,USA,AFGHANISTAN/US,4,3,2001m9,2001m12,4,4,1,0,0,0,0,1,0,0,1,0,200112,George W. Bush,85,10,89.473686,75,86,27.936863,-1,-1.1627907,1,11.111111,0,0,7.2517223,7.3954554,0,56,0,0,12,1,73.849998
2002,1,,,,,,,,,,,,0,,,,,,,,0,0,200201,George W. Bush,83,12.5,86.910995,70.5,,27.93922,,,,,0,0,6.8422041,7.2517223,0,56,0,0,13,0,74.5
2002,2,,,,,,,,,,,,0,,,,,,,,0,0,200202,George W. Bush,81,13.5,85.714287,67.5,83,25.96172,-2,-2.4096386,1,8,0,0,6.837656,6.8422041,0,56,0,0,14,0,89.150002
2002,3,,,,,,,,,,,,0,,,,,,,,0,0,200203,George W. Bush,78.400002,15.6,83.404259,62.800003,81,23.38422,-2.5999985,-3.2098746,2.1000004,15.555558,0,0,7.1755991,6.837656,0,56,0,0,15,0,86.669998
2002,4,,,,,,,,,,,,0,,,,,,,,0,0,200204,George W. Bush,75.5,18.25,80.533333,57.25,78.400002,20.506716,-2.9000015,-3.6989815,2.6499996,16.987177,0,0,7.5393496,7.1755991,0,56,0,0,16,0,74.889999
2002,5,,,,,,,,,,,,0,,,,,,,,0,0,200205,George W. Bush,75.666664,17.333334,81.362007,58.333328,75.5,20.695879,0.16666412,0.22074719,-0.91666603,-5.0228276,0,0,6.9817705,7.5393496,0,56,0,0,17,0,74.5
2002,6,,,,,,,,,,,,0,,,,,,,,0,0,200206,George W. Bush,72.75,20,78.436661,52.75,75.666664,17.801714,-2.9166641,-3.8546224,2.666666,15.384611,0,0,6.8674126,6.9817705,0,56,0,0,18,0,79.559998
2002,7,,,,,,,,,,,,0,,,,,,,,0,0,200207,George W. Bush,70.599998,22.200001,76.077583,48.399998,72.75,15.67421,-2.1500015,-2.9553285,2.2000008,11.000004,0,0,7.2647924,6.8674126,0,56,0,0,19,0,72.559998
2002,8,,,,,,,,,,,,0,,,,,,,,0,0,200208,George W. Bush,65,27,70.652176,38,70.599998,10.09671,-5.5999985,-7.9320092,4.7999992,21.621618,0,0,7.5028152,7.2647924,0,56,0,0,20,0,65.93
2002,9,,,,,,,,,,,,0,,,,,,,,0,0,200209,George W. Bush,66.800003,27.6,70.762711,39.200005,65,11.919211,1.8000031,2.7692354,0.60000038,2.2222235,0,0,7.2142997,7.5028152,0,56,0,0,21,0,73.790001
2002,10,441,969,2,USA,N. KOREA NUCLEAR II,1,1,2002m10,2004m1,16,1,0,0,0,0,0,0,0,0,0,0,200210,George W. Bush,64.5,28.5,69.354836,36,66.800003,9.6417065,-2.3000031,-3.4431181,0.89999962,3.2608681,0,0,7.7258897,7.2142997,0,56,0,0,22,0,96.870003
2002,11,441,969,2,USA,N. KOREA NUCLEAR II,1,1,2002m10,2004m1,16,2,0,0,0,0,0,0,0,0,0,0,200211,George W. Bush,67,25.5,72.432434,41.5,64.5,12.164206,2.5,3.8759689,-3,-10.526316,0,0,8.0984268,7.7258897,0,56,0,0,23,0,88.980003
2002,12,441,969,2,USA,N. KOREA NUCLEAR II,1,1,2002m10,2004m1,16,3,0,0,0,0,0,0,0,0,0,0,200212,George W. Bush,62.333332,31,66.785713,31.333332,67,7.5200357,-4.6666679,-6.9651761,5.5,21.568628,0,0,8.3769083,8.0984268,0,56,0,0,24,0,65.730003
2003,1,440,968,2,USA,IRAQ REGIME CHANGE,4,4,2003m1,2003m5,5,1,0,0,0,0,0,0,0,0,0,0,200301,George W. Bush,59.666668,34.333332,63.475178,25.333336,,6.8557291,,,,,0,0,8.397398,8.3769083,0,56,0,0,25,0,76.779999
2003,1,441,969,2,USA,N. KOREA NUCLEAR II,1,1,2002m10,2004m1,16,4,0,0,0,0,0,0,0,0,0,0,200301,George W. Bush,59.666668,34.333332,63.475178,25.333336,,6.8557291,,,,,0,0,8.397398,8.3769083,0,56,0,0,25,0,76.779999
2003,2,440,968,2,USA,IRAQ REGIME CHANGE,4,4,2003m1,2003m5,5,2,0,0,0,0,0,0,0,0,0,0,200302,George W. Bush,58.25,35.25,62.299465,23,59.666668,5.4615598,-1.4166679,-2.3743038,0.91666794,2.6699066,0,0,8.8808794,8.397398,0,56,0,0,26,0,75.370003
2003,2,441,969,2,USA,N. KOREA NUCLEAR II,1,1,2002m10,2004m1,16,5,0,0,0,0,0,0,0,0,0,0,200302,George W. Bush,58.25,35.25,62.299465,23,59.666668,5.4615598,-1.4166679,-2.3743038,0.91666794,2.6699066,0,0,8.8808794,8.397398,0,56,0,0,26,0,75.370003
2003,3,440,968,2,USA,IRAQ REGIME CHANGE,4,4,2003m1,2003m5,5,3,0,0,0,0,0,0,0,0,0,0,200303,George W. Bush,64.800003,30.200001,68.210526,34.600002,58.25,12.034061,6.5500031,11.24464,-5.0499992,-14.326239,0,0,8.9201307,8.8808794,0,56,0,0,27,0,88.489998
2003,3,441,969,2,USA,N. KOREA NUCLEAR II,1,1,2002m10,2004m1,16,6,0,0,0,0,0,0,0,0,0,0,200303,George W. Bush,64.800003,30.200001,68.210526,34.600002,58.25,12.034061,6.5500031,11.24464,-5.0499992,-14.326239,0,0,8.9201307,8.8808794,0,56,0,0,27,0,88.489998
2003,4,440,968,2,USA,IRAQ REGIME CHANGE,4,4,2003m1,2003m5,5,4,0,0,0,0,0,0,0,0,0,0,200304,George W. Bush,69.5,25.5,73.157898,44,64.800003,16.756557,4.6999969,7.2530813,-4.7000008,-15.562916,0,0,8.2246943,8.9201307,0,56,0,0,28,0,87.580002
2003,4,441,969,2,USA,N. KOREA NUCLEAR II,1,1,2002m10,2004m1,16,7,0,0,0,0,0,0,0,0,0,0,200304,George W. Bush,69.5,25.5,73.157898,44,64.800003,16.756557,4.6999969,7.2530813,-4.7000008,-15.562916,0,0,8.2246943,8.9201307,0,56,0,0,28,0,87.580002
2003,5,440,968,2,USA,IRAQ REGIME CHANGE,4,4,2003m1,2003m5,5,5,1,0,0,0,0,1,0,0,1,0,200305,George W. Bush,65.666664,30,68.641113,35.666664,69.5,12.945719,-3.8333359,-5.5155911,4.5,17.647058,0,0,8.1578407,8.2246943,0,56,0,0,29,0,111.15
2003,5,441,969,2,USA,N. KOREA NUCLEAR II,1,1,2002m10,2004m1,16,8,0,0,0,0,0,0,0,0,0,0,200305,George W. Bush,65.666664,30,68.641113,35.666664,69.5,12.945719,-3.8333359,-5.5155911,4.5,17.647058,0,0,8.1578407,8.2246943,0,56,0,0,29,0,111.15
2003,6,441,969,2,USA,N. KOREA NUCLEAR II,1,1,2002m10,2004m1,16,9,0,0,0,0,0,0,0,0,0,0,200306,George W. Bush,59.333332,35,62.897526,24.333332,65.666664,6.6348853,-6.3333321,-9.6446686,5,16.666666,0,0,8.4122868,8.1578407,0,56,0,0,30,0,94
2003,7,441,969,2,USA,N. KOREA NUCLEAR II,1,1,2002m10,2004m1,16,10,0,0,0,0,0,0,0,0,0,0,200307,George W. Bush,60.5,35,63.350784,25.5,59.333332,7.8240519,1.1666679,1.9662943,0,0,0,0,8.3099318,8.4122868,0,56,0,0,31,0,87.209999
2003,8,441,969,2,USA,N. KOREA NUCLEAR II,1,1,2002m10,2004m1,16,11,0,0,0,0,0,0,0,0,0,0,200308,George W. Bush,59.5,36,62.303665,23.5,60.5,6.84655,-1,-1.6528926,1,2.8571429,0,0,8.2582779,8.3099318,0,56,0,0,32,0,83.75
2003,9,441,969,2,USA,N. KOREA NUCLEAR II,1,1,2002m10,2004m1,16,12,0,0,0,0,0,0,0,0,0,0,200309,George W. Bush,50.5,44.5,53.157894,6,59.5,-2.1309514,-9,-15.12605,8.5,23.611111,0,0,8.4204407,8.2582779,0,56,0,0,33,0,89.360001
2003,10,441,969,2,USA,N. KOREA NUCLEAR II,1,1,2002m10,2004m1,16,13,0,0,0,0,0,0,0,0,0,0,200310,George W. Bush,56,39.25,58.792652,16.75,50.5,3.391547,5.5,10.891089,-5.25,-11.797752,0,0,8.0408144,8.4204407,0,56,0,0,34,0,94.18
2003,11,441,969,2,USA,N. KOREA NUCLEAR II,1,1,2002m10,2004m1,16,14,0,0,0,0,0,0,0,0,0,0,200311,George W. Bush,51.5,44.5,53.645832,7,56,-1.0859547,-4.5,-8.0357141,5.25,13.375796,0,0,7.5650287,8.0408144,0,56,0,0,35,0,108.02
2003,12,441,969,2,USA,N. KOREA NUCLEAR II,1,1,2002m10,2004m1,16,15,0,0,0,0,0,0,0,0,0,0,200312,George W. Bush,58.5,37,61.256546,21.5,51.5,5.9365439,7,13.592233,-7.5,-16.853933,0,0,7.5794964,7.5650287,0,56,0,0,36,0,78.209999
2004,1,441,969,2,USA,N. KOREA NUCLEAR II,1,1,2002m10,2004m1,16,16,0,1,0,0,1,0,0,0,1,0,200401,George W. Bush,55.5,40.25,57.963448,15.25,,4.9389014,,,,,0,0,7.6262522,7.5794964,0,56,1,1,37,0,92.839996
2004,2,,,,,,,,,,,,0,,,,,,,,0,0,200402,George W. Bush,51.333332,44.666668,53.472221,6.6666641,55.5,0.79473209,-4.1666679,-7.5075097,4.4166679,10.973088,0,0,7.2930589,7.6262522,0,56,1,1,38,0,91.089996
2004,3,,,,,,,,,,,,0,,,,,,,,0,0,200403,George W. Bush,51.666668,44.666668,53.633217,7,51.333332,1.1505663,0.33333588,0.64935559,0,0,0,0,7.537241,7.2930589,0,56,1,1,39,0,98.550003
2004,4,,,,,,,,,,,,0,,,,,,,,0,0,200404,George W. Bush,51,44.5,53.403141,6.5,51.666668,0.50639683,-0.66666794,-1.290325,-0.16666794,-0.37313718,0,0,7.8850908,7.537241,0,56,1,1,40,0,92.529999
2004,5,,,,,,,,,,,,0,,,,,,,,0,0,200405,George W. Bush,46.666668,48.666668,48.95105,-2,51,-3.8044369,-4.3333321,-8.4967299,4.1666679,9.3632984,0,0,8.6517744,7.8850908,0,56,1,1,41,0,85.330002
2004,6,,,,,,,,,,,,0,,,,,,,,0,0,200406,George W. Bush,49,47,51.041668,2,46.666668,-1.4486064,2.3333321,4.9999971,-1.6666679,-3.42466,0,0,8.8661947,8.6517744,0,56,1,1,42,0,84.510002
2004,7,,,,,,,,,,,,0,,,,,,,,0,0,200407,George W. Bush,47,48.333332,49.300701,-1.3333321,49,-3.4261079,-2,-4.0816326,1.3333321,2.8368766,0,0,8.490756,8.8661947,0,56,1,1,43,0,105
2004,8,,,,,,,,,,,,0,,,,,,,,0,0,200408,George W. Bush,50,45.5,52.356022,4.5,47,-0.40360954,3,6.3829789,-2.8333321,-5.8620663,0,0,8.0543842,8.490756,0,56,1,1,44,0,88.160004
2004,9,,,,,,,,,,,,0,,,,,,,,0,0,200409,George W. Bush,51.666668,45,53.448277,6.6666679,50,1.2855568,1.6666679,3.3333359,-0.5,-1.0989012,0,0,7.9377956,8.0543842,0,56,1,1,45,0,79.769997
2004,10,,,,,,,,,,,,0,,,,,,,,0,0,200410,George W. Bush,48.666668,47.166668,50.782608,1.5,51.666668,-1.6919448,-3,-5.8064513,2.1666679,4.8148174,0,0,8.6891861,7.9377956,0,56,1,1,46,0,123.41
2004,11,,,,,,,,,,,,0,,,,,,,,0,0,200411,George W. Bush,53,44,54.639175,9,48.666668,2.6638856,4.3333321,8.9041071,-3.1666679,-6.7137833,0,0,8.9230356,8.6891861,1,56,1,1,47,0,106.32
2004,12,,,,,,,,,,,,0,,,,,,,,0,0,200412,George W. Bush,50.5,45,52.879581,5.5,53,0.18638407,-2.5,-4.7169809,1,2.2727273,0,0,8.6555614,8.9230356,0,57,0,0,48,0,69.949997
2005,1,,,,,,,,,,,,0,,,,,,,,0,0,200501,George W. Bush,51,44,53.684212,7,,2.6887419,,,,,0,1,8.269763,8.6555614,0,57,0,0,49,0,88.540001
2005,2,,,,,,,,,,,,0,,,,,,,,0,0,200502,George W. Bush,52,44,54.166668,8,51,3.7112403,1,1.9607843,0,0,0,1,8.4075222,8.269763,0,57,0,0,50,0,90.720001
2005,3,,,,,,,,,,,,0,,,,,,,,0,0,200503,George W. Bush,51.5,43.5,54.210526,8,52,3.2337387,-0.5,-0.96153843,-0.5,-1.1363636,0,1,8.3483505,8.4075222,0,57,0,0,51,0,100.07
2005,4,,,,,,,,,,,,0,,,,,,,,0,0,200504,George W. Bush,47.75,47.25,50.263157,0.5,51.5,-0.49376288,-3.75,-7.2815533,3.75,8.6206894,0,1,8.7106419,8.3483505,0,57,0,0,52,0,111.95
2005,5,,,,,,,,,,,,0,,,,,,,,0,0,200505,George W. Bush,47.333332,47.333332,50,0,47.75,-0.88793242,-0.41666794,-0.872603,0.083332062,0.17636415,0,1,7.9027433,8.7106419,0,57,0,0,53,0,121.22
2005,6,,,,,,,,,,,,0,,,,,,,,0,0,200506,George W. Bush,45,50,47.36842,-5,47.333332,-3.198766,-2.3333321,-4.929575,2.6666679,5.6338058,0,1,7.5303125,7.9027433,0,57,0,0,54,0,100.31
2005,7,,,,,,,,,,,,0,,,,,,,,0,0,200507,George W. Bush,48,47.5,50.26178,0.5,45,-0.17626768,3,6.6666665,-2.5,-5,0,1,8.1678982,7.5303125,0,57,0,0,55,0,94.769997
2005,8,,,,,,,,,,,,0,,,,,,,,0,0,200508,George W. Bush,43,52.333332,45.104897,-9.3333321,48,-5.1537695,-5,-10.416667,4.8333321,10.175436,0,1,8.5411577,8.1678982,0,57,0,0,56,0,64.199997
2005,9,,,,,,,,,,,,0,,,,,,,,0,0,200509,George W. Bush,43.5,52.25,45.430809,-8.75,43,-4.6312709,0.5,1.1627907,-0.083332062,-0.15923324,0,1,9.6866817,8.5411577,0,57,0,0,57,0,61.450001
2005,10,,,,,,,,,,,,0,,,,,,,,0,0,200510,George W. Bush,40,55.5,41.884815,-15.5,43.5,-8.1087723,-3.5,-8.0459766,3.25,6.2200956,0,1,9.3478279,9.6866817,0,57,0,0,58,0,74.389999
2005,11,,,,,,,,,,,,0,,,,,,,,0,0,200511,George W. Bush,38,56.666668,40.140846,-18.666668,40,-10.086274,-2,-5,1.1666679,2.1021044,0,1,8.4555006,9.3478279,0,57,0,0,59,0,83.699997
2005,12,,,,,,,,,,,,0,,,,,,,,0,0,200512,George W. Bush,42.25,53.75,44.010418,-11.5,38,-5.8137755,4.25,11.184211,-2.9166679,-5.1470609,0,1,8.3156595,8.4555006,0,57,0,0,60,0,79.07
2006,1,448,987,2,USA,IRAN NUCLEAR II,1,1,2006m1,2007m12,24,1,0,0,0,0,0,0,0,0,0,0,200601,George W. Bush,43,53.666668,44.482758,-10.666668,,-3.0614178,,,,,0,1,8.6853199,8.3156595,0,57,0,0,61,0,86.080002
2006,2,448,987,2,USA,IRAN NUCLEAR II,1,1,2006m1,2007m12,24,2,0,0,0,0,0,0,0,0,0,0,200602,George W. Bush,39.666668,57,41.034485,-17.333332,43,-6.3722515,-3.3333321,-7.751935,3.3333321,6.2111778,0,1,8.3974943,8.6853199,0,57,0,0,62,0,83.080002
2006,3,448,987,2,USA,IRAN NUCLEAR II,1,1,2006m1,2007m12,24,3,0,0,0,0,0,0,0,0,0,0,200603,George W. Bush,36.5,59.5,38.020832,-23,39.666668,-9.5164213,-3.1666679,-7.9831963,2.5,4.3859649,0,1,8.0626488,8.3974943,0,57,0,0,63,0,91.489998
2006,4,448,987,2,USA,IRAN NUCLEAR II,1,1,2006m1,2007m12,24,4,0,0,0,0,0,0,0,0,0,0,200604,George W. Bush,35.666668,60.666668,37.024223,-25,36.5,-10.327254,-0.83333206,-2.2831016,1.1666679,1.9607865,0,1,8.2457314,8.0626488,0,57,0,0,64,0,92.169998
2006,5,448,987,2,USA,IRAN NUCLEAR II,1,1,2006m1,2007m12,24,5,0,0,0,0,0,0,0,0,0,0,200605,George W. Bush,32,63,33.684212,-31,35.666668,-13.971424,-3.6666679,-10.280377,2.3333321,3.8461516,0,1,8.7666702,8.2457314,0,57,0,0,65,0,86.029999
2006,5,450,990,2,USA,N. KOREA NUCLEAR III,1,1,2006m5,2007m10,18,1,0,0,0,0,0,0,0,0,0,0,200605,George W. Bush,32,63,33.684212,-31,35.666668,-13.971424,-3.6666679,-10.280377,2.3333321,3.8461516,0,1,8.7666702,8.2457314,0,57,0,0,65,0,86.029999
2006,6,448,987,2,USA,IRAN NUCLEAR II,1,1,2006m1,2007m12,24,6,0,0,0,0,0,0,0,0,0,0,200606,George W. Bush,37,57.666668,39.084507,-20.666668,32,-8.948926,5,15.625,-5.3333321,-8.4656067,0,1,8.9187622,8.7666702,0,57,0,0,66,0,83.669998
2006,6,450,990,2,USA,N. KOREA NUCLEAR III,1,1,2006m5,2007m10,18,2,0,0,0,0,0,0,0,0,0,0,200606,George W. Bush,37,57.666668,39.084507,-20.666668,32,-8.948926,5,15.625,-5.3333321,-8.4656067,0,1,8.9187622,8.7666702,0,57,0,0,66,0,83.669998
2006,7,448,987,2,USA,IRAN NUCLEAR II,1,1,2006m1,2007m12,24,7,0,0,0,0,0,0,0,0,0,0,200607,George W. Bush,39,56.666668,40.766548,-17.666668,37,-6.9264274,2,5.4054055,-1,-1.734104,0,1,8.8453465,8.9187622,0,57,0,0,67,0,81.830002
2006,7,450,990,2,USA,N. KOREA NUCLEAR III,1,1,2006m5,2007m10,18,3,0,0,0,0,0,0,0,0,0,0,200607,George W. Bush,39,56.666668,40.766548,-17.666668,37,-6.9264274,2,5.4054055,-1,-1.734104,0,1,8.8453465,8.9187622,0,57,0,0,67,0,81.830002
2006,8,448,987,2,USA,IRAN NUCLEAR II,1,1,2006m1,2007m12,24,8,0,0,0,0,0,0,0,0,0,0,200608,George W. Bush,39.5,56.5,41.145832,-17,39,-6.4039292,0.5,1.2820513,-0.16666794,-0.29411989,0,1,8.5187378,8.8453465,0,57,0,0,68,0,74.160004
2006,8,450,990,2,USA,N. KOREA NUCLEAR III,1,1,2006m5,2007m10,18,4,0,0,0,0,0,0,0,0,0,0,200608,George W. Bush,39.5,56.5,41.145832,-17,39,-6.4039292,0.5,1.2820513,-0.16666794,-0.29411989,0,1,8.5187378,8.8453465,0,57,0,0,68,0,74.160004
2006,9,448,987,2,USA,IRAN NUCLEAR II,1,1,2006m1,2007m12,24,9,0,0,0,0,0,0,0,0,0,0,200609,George W. Bush,41.5,53.5,43.684212,-12,39.5,-4.3814306,2,5.0632911,-3,-5.3097343,0,1,6.5623693,8.5187378,0,57,0,0,69,0,74.110001
2006,9,450,990,2,USA,N. KOREA NUCLEAR III,1,1,2006m5,2007m10,18,5,0,0,0,0,0,0,0,0,0,0,200609,George W. Bush,41.5,53.5,43.684212,-12,39.5,-4.3814306,2,5.0632911,-3,-5.3097343,0,1,6.5623693,8.5187378,0,57,0,0,69,0,74.110001
2006,10,448,987,2,USA,IRAN NUCLEAR II,1,1,2006m1,2007m12,24,10,0,0,0,0,0,0,0,0,0,0,200610,George W. Bush,37,58,38.947369,-21,41.5,-8.8589325,-4.5,-10.843373,4.5,8.4112148,0,1,5.705224,6.5623693,0,57,0,0,70,0,80.160004
2006,10,450,990,2,USA,N. KOREA NUCLEAR III,1,1,2006m5,2007m10,18,6,0,0,0,0,0,0,0,0,0,0,200610,George W. Bush,37,58,38.947369,-21,41.5,-8.8589325,-4.5,-10.843373,4.5,8.4112148,0,1,5.705224,6.5623693,0,57,0,0,70,0,80.160004
2006,11,448,987,2,USA,IRAN NUCLEAR II,1,1,2006m1,2007m12,24,11,0,0,0,0,0,0,0,0,0,0,200611,George W. Bush,35.5,59,37.566139,-23.5,37,-10.336433,-1.5,-4.0540543,1,1.7241379,0,1,6.473681,5.705224,0,57,0,0,71,0,82.050003
2006,11,450,990,2,USA,N. KOREA NUCLEAR III,1,1,2006m5,2007m10,18,7,0,0,0,0,0,0,0,0,0,0,200611,George W. Bush,35.5,59,37.566139,-23.5,37,-10.336433,-1.5,-4.0540543,1,1.7241379,0,1,6.473681,5.705224,0,57,0,0,71,0,82.050003
2006,12,448,987,2,USA,IRAN NUCLEAR II,1,1,2006m1,2007m12,24,12,0,0,0,0,0,0,0,0,0,0,200612,George W. Bush,36.5,60,37.823833,-23.5,35.5,-9.3139353,1,2.8169014,1,1.6949153,0,1,6.9406505,6.473681,0,57,0,0,72,0,59.189999
2006,12,450,990,2,USA,N. KOREA NUCLEAR III,1,1,2006m5,2007m10,18,8,0,0,0,0,0,0,0,0,0,0,200612,George W. Bush,36.5,60,37.823833,-23.5,35.5,-9.3139353,1,2.8169014,1,1.6949153,0,1,6.9406505,6.473681,0,57,0,0,72,0,59.189999
2007,1,448,987,2,USA,IRAN NUCLEAR II,1,1,2006m1,2007m12,24,13,0,0,0,0,0,0,0,0,0,0,200701,George W. Bush,35.5,61,36.787563,-25.5,,-8.3115778,,,,,0,1,6.6756415,6.9406505,0,57,0,0,73,0,80.07
2007,1,450,990,2,USA,N. KOREA NUCLEAR III,1,1,2006m5,2007m10,18,9,0,0,0,0,0,0,0,0,0,0,200701,George W. Bush,35.5,61,36.787563,-25.5,,-8.3115778,,,,,0,1,6.6756415,6.9406505,0,57,0,0,73,0,80.07
2007,2,448,987,2,USA,IRAN NUCLEAR II,1,1,2006m1,2007m12,24,14,0,0,0,0,0,0,0,0,0,0,200702,George W. Bush,34.5,62,35.751297,-27.5,35.5,-9.2890787,-1,-2.8169014,1,1.6393442,0,1,6.9151969,6.6756415,0,57,0,0,74,0,72.699997
2007,2,450,990,2,USA,N. KOREA NUCLEAR III,1,1,2006m5,2007m10,18,10,0,0,0,0,0,0,0,0,0,0,200702,George W. Bush,34.5,62,35.751297,-27.5,35.5,-9.2890787,-1,-2.8169014,1,1.6393442,0,1,6.9151969,6.6756415,0,57,0,0,74,0,72.699997
2007,3,448,987,2,USA,IRAN NUCLEAR II,1,1,2006m1,2007m12,24,15,0,0,0,0,0,0,0,0,0,0,200703,George W. Bush,34,62,35.416668,-28,34.5,-9.7665806,-0.5,-1.4492754,0,0,0,1,7.1787796,6.9151969,0,57,0,0,75,0,85.440002
2007,3,450,990,2,USA,N. KOREA NUCLEAR III,1,1,2006m5,2007m10,18,11,0,0,0,0,0,0,0,0,0,0,200703,George W. Bush,34,62,35.416668,-28,34.5,-9.7665806,-0.5,-1.4492754,0,0,0,1,7.1787796,6.9151969,0,57,0,0,75,0,85.440002
2007,4,448,987,2,USA,IRAN NUCLEAR II,1,1,2006m1,2007m12,24,16,0,0,0,0,0,0,0,0,0,0,200704,George W. Bush,37,59,38.541668,-22,34,-6.7440825,3,8.8235292,-3,-4.8387098,0,1,7.0736995,7.1787796,0,57,0,0,76,0,84.540001
2007,4,450,990,2,USA,N. KOREA NUCLEAR III,1,1,2006m5,2007m10,18,12,0,0,0,0,0,0,0,0,0,0,200704,George W. Bush,37,59,38.541668,-22,34,-6.7440825,3,8.8235292,-3,-4.8387098,0,1,7.0736995,7.1787796,0,57,0,0,76,0,84.540001
2007,5,448,987,2,USA,IRAN NUCLEAR II,1,1,2006m1,2007m12,24,17,0,0,0,0,0,0,0,0,0,0,200705,George W. Bush,33.5,62.5,34.895832,-29,37,-10.221584,-3.5,-9.4594593,3.5,5.9322033,0,1,7.090867,7.0736995,0,57,0,0,77,0,96.269997
2007,5,450,990,2,USA,N. KOREA NUCLEAR III,1,1,2006m5,2007m10,18,13,0,0,0,0,0,0,0,0,0,0,200705,George W. Bush,33.5,62.5,34.895832,-29,37,-10.221584,-3.5,-9.4594593,3.5,5.9322033,0,1,7.090867,7.0736995,0,57,0,0,77,0,96.269997
2007,6,448,987,2,USA,IRAN NUCLEAR II,1,1,2006m1,2007m12,24,18,0,0,0,0,0,0,0,0,0,0,200706,George W. Bush,32,63.5,33.507854,-31.5,33.5,-11.699085,-1.5,-4.477612,1,1.6,0,1,7.2870436,7.090867,0,57,0,0,78,0,88.760002
2007,6,450,990,2,USA,N. KOREA NUCLEAR III,1,1,2006m5,2007m10,18,14,0,0,0,0,0,0,0,0,0,0,200706,George W. Bush,32,63.5,33.507854,-31.5,33.5,-11.699085,-1.5,-4.477612,1,1.6,0,1,7.2870436,7.090867,0,57,0,0,78,0,88.760002
2007,7,448,987,2,USA,IRAN NUCLEAR II,1,1,2006m1,2007m12,24,19,0,0,0,0,0,0,0,0,0,0,200707,George W. Bush,30,64.5,31.746031,-34.5,32,-13.676587,-2,-6.25,1,1.5748031,0,1,7.0582285,7.2870436,0,57,0,0,79,0,82.309998
2007,7,450,990,2,USA,N. KOREA NUCLEAR III,1,1,2006m5,2007m10,18,15,0,0,0,0,0,0,0,0,0,0,200707,George W. Bush,30,64.5,31.746031,-34.5,32,-13.676587,-2,-6.25,1,1.5748031,0,1,7.0582285,7.2870436,0,57,0,0,79,0,82.309998
2007,8,448,987,2,USA,IRAN NUCLEAR II,1,1,2006m1,2007m12,24,20,0,0,0,0,0,0,0,0,0,0,200708,George W. Bush,33,62.5,34.554974,-29.5,30,-10.654089,3,10,-2,-3.1007752,0,1,6.5700898,7.0582285,0,57,0,0,80,0,72.010002
2007,8,450,990,2,USA,N. KOREA NUCLEAR III,1,1,2006m5,2007m10,18,16,0,0,0,0,0,0,0,0,0,0,200708,George W. Bush,33,62.5,34.554974,-29.5,30,-10.654089,3,10,-2,-3.1007752,0,1,6.5700898,7.0582285,0,57,0,0,80,0,72.010002
2007,9,448,987,2,USA,IRAN NUCLEAR II,1,1,2006m1,2007m12,24,21,0,0,0,0,0,0,0,0,0,0,200709,George W. Bush,34.5,62,35.751297,-27.5,33,-9.1315899,1.5,4.5454545,-0.5,-0.80000001,0,1,7.4550571,6.5700898,0,57,0,0,81,0,80.82
2007,9,450,990,2,USA,N. KOREA NUCLEAR III,1,1,2006m5,2007m10,18,17,0,0,0,0,0,0,0,0,0,0,200709,George W. Bush,34.5,62,35.751297,-27.5,33,-9.1315899,1.5,4.5454545,-0.5,-0.80000001,0,1,7.4550571,6.5700898,0,57,0,0,81,0,80.82
2007,10,448,987,2,USA,IRAN NUCLEAR II,1,1,2006m1,2007m12,24,22,0,0,0,0,0,0,0,0,0,0,200710,George W. Bush,32,64,33.333332,-32,34.5,-11.609092,-2.5,-7.246377,2,3.2258065,0,1,8.2361755,7.4550571,0,57,0,0,82,0,88.879997
2007,10,450,990,2,USA,N. KOREA NUCLEAR III,1,1,2006m5,2007m10,18,18,0,1,0,0,1,0,0,0,1,0,200710,George W. Bush,32,64,33.333332,-32,34.5,-11.609092,-2.5,-7.246377,2,3.2258065,0,1,8.2361755,7.4550571,0,57,0,0,82,0,88.879997
2007,11,448,987,2,USA,IRAN NUCLEAR II,1,1,2006m1,2007m12,24,23,0,0,0,0,0,0,0,0,0,0,200711,George W. Bush,32.333332,62.333332,34.15493,-30,32,-11.253262,0.33333206,1.0416627,-1.6666679,-2.6041687,0,1,9.0062046,8.2361755,0,57,0,0,83,0,80.139999
2007,12,448,987,2,USA,IRAN NUCLEAR II,1,1,2006m1,2007m12,24,24,0,1,0,0,1,0,0,0,1,0,200712,George W. Bush,34.5,61,36.125656,-26.5,32.333332,-9.0640955,2.1666679,6.701035,-1.3333321,-2.1390355,0,1,9.0812645,9.0062046,0,57,0,0,84,0,86.540001
2008,1,,,,,,,,,,,,0,,,,,,,,0,0,200801,George W. Bush,33.333332,61.666668,35.087719,-28.333336,,-8.228405,,,,,0,1,9.2802944,9.0812645,0,57,1,0,85,0,84.849998
2008,2,,,,,,,,,,,,0,,,,,,,,0,0,200802,George W. Bush,32,62.666668,33.802818,-30.666668,33.333332,-9.5392389,-1.3333321,-3.9999964,1,1.6216216,0,1,8.9265556,9.2802944,0,57,1,0,86,0,82.480003
2008,3,,,,,,,,,,,,0,,,,,,,,0,0,200803,George W. Bush,32,64,33.333332,-32,32,-9.5167408,0,0,1.3333321,2.1276574,0,1,9.0814533,8.9265556,0,57,1,0,87,0,90.870003
2008,4,,,,,,,,,,,,0,,,,,,,,0,0,200804,George W. Bush,28,68,29.166666,-40,32,-13.494242,-4,-12.5,4,6.25,0,1,8.9368868,9.0814533,0,57,1,0,88,0,85.519997
2008,5,,,,,,,,,,,,0,,,,,,,,0,0,200805,George W. Bush,28,67.5,29.319372,-39.5,28,-13.471744,0,0,-0.5,-0.7352941,0,1,9.5755424,8.9368868,0,57,1,0,89,0,91.349998
2008,6,,,,,,,,,,,,0,,,,,,,,0,0,200806,George W. Bush,29,66,30.526316,-37,28,-12.449245,1,3.5714285,-1.5,-2.2222223,0,1,10.621788,9.5755424,0,57,1,0,90,0,81.529999
2008,7,,,,,,,,,,,,0,,,,,,,,0,0,200807,George W. Bush,31.5,63,33.333332,-31.5,29,-9.9267473,2.5,8.6206894,-3,-4.5454545,0,1,11.400127,10.621788,0,57,1,0,91,0,80.419998
2008,8,,,,,,,,,,,,0,,,,,,,,0,0,200808,George W. Bush,31,63.5,32.804234,-32.5,31.5,-10.404248,-0.5,-1.5873016,0.5,0.79365081,0,1,11.47185,11.400127,0,57,1,0,92,0,75.019997
2008,9,,,,,,,,,,,,0,,,,,,,,0,0,200809,George W. Bush,30,66.5,31.088083,-36.5,31,-11.38175,-1,-3.2258065,3,4.7244096,0,1,11.036926,11.47185,0,57,1,0,93,0,83.550003
2008,10,,,,,,,,,,,,0,,,,,,,,0,0,200810,George W. Bush,26.5,69.25,27.676241,-42.75,30,-14.859252,-3.5,-11.666667,2.75,4.1353383,0,1,10.155183,11.036926,0,57,1,0,94,0,93
2008,11,,,,,,,,,,,,0,,,,,,,,0,0,200811,George W. Bush,28.5,67,29.842932,-38.5,26.5,-12.836753,2,7.5471697,-2.25,-3.2490976,0,1,7.8695755,10.155183,1,57,1,0,95,0,94.959999
2008,12,,,,,,,,,,,,0,,,,,,,,0,0,200812,George W. Bush,30.5,64,32.275131,-33.5,28.5,-10.814255,2,7.0175438,-3,-4.477612,0,1,7.3914137,7.8695755,0,58,0,0,96,0,73.849998
2009,1,,,,,,,,,,,,0,,,,,,,,0,0,200901,Barack Obama,63.583332,19.833334,76.223778,43.75,,8.4043379,,,,,1,0,7.8298483,7.3914137,0,58,0,0,1,1,78.769997
2009,2,,,,,,,,,,,,0,,,,,,,,0,0,200902,Barack Obama,63.692307,22.653847,73.763916,41.03846,63.583332,8.5358114,0.10897446,0.1713884,2.8205128,14.221072,1,0,8.536191,7.8298483,0,58,0,0,2,1,88.550003
2009,3,459,1007,2,USA,N. KOREA NUCLEAR IV-SATELLITE LAUNCH,1,1,2009m3,2009m8,6,1,0,0,0,0,0,0,0,0,0,0,200903,Barack Obama,61.870968,27.612904,69.142036,34.258064,63.692307,6.7369709,-1.8213387,-2.8595898,4.9590569,21.890574,1,0,8.3164434,8.536191,0,58,0,0,3,1,88.040001
2009,4,459,1007,2,USA,N. KOREA NUCLEAR IV-SATELLITE LAUNCH,1,1,2009m3,2009m8,6,2,0,0,0,0,0,0,0,0,0,0,200904,Barack Obama,63.034481,28.586206,68.7994,34.448273,61.870968,7.9229827,1.1635132,1.8805479,0.97330284,3.5248117,1,0,8.2631178,8.3164434,0,58,0,0,4,1,88.309998
2009,5,459,1007,2,USA,N. KOREA NUCLEAR IV-SATELLITE LAUNCH,1,1,2009m3,2009m8,6,3,0,0,0,0,0,0,0,0,0,0,200905,Barack Obama,64.400002,28.466667,69.346733,35.933334,63.034481,9.3110018,1.3655205,2.1663072,-0.11953926,-0.41817114,1,0,8.1185637,8.2631178,0,58,0,0,5,1,89.169998
2009,6,459,1007,2,USA,N. KOREA NUCLEAR IV-SATELLITE LAUNCH,1,1,2009m3,2009m8,6,4,0,0,0,0,0,0,0,0,0,0,200906,Barack Obama,60.517242,32.137932,65.314476,28.379311,64.400002,5.4507408,-3.8827591,-6.029129,3.6712646,12.896714,1,0,8.0732193,8.1185637,0,58,0,0,6,1,96.260002
2009,7,459,1007,2,USA,N. KOREA NUCLEAR IV-SATELLITE LAUNCH,1,1,2009m3,2009m8,6,5,0,0,0,0,0,0,0,0,0,0,200907,Barack Obama,57.099998,35.933334,61.375851,21.166664,60.517242,2.0559952,-3.417244,-5.646728,3.7954025,11.809729,1,0,7.4028358,8.0732193,0,58,0,0,7,1,102.66
2009,8,459,1007,2,USA,N. KOREA NUCLEAR IV-SATELLITE LAUNCH,1,1,2009m3,2009m8,6,6,0,0,1,0,0,0,1,0,0,1,200908,Barack Obama,53.19355,39.903225,57.137909,13.290325,57.099998,-1.8279549,-3.9064484,-6.8414159,3.9698906,11.047933,1,0,8.1156521,7.4028358,0,58,0,0,8,1,78.669998
2009,9,,,,,,,,,,,,0,,,,,,,,0,0,200909,Barack Obama,52.07143,40.464287,56.271709,11.607143,53.19355,-2.9275763,-1.1221199,-2.1095037,0.56106186,1.4060564,1,0,8.5137892,8.1156521,0,58,0,0,9,1,86.18
2009,10,,,,,,,,,,,,0,,,,,,,,0,0,200910,Barack Obama,52.645161,40.064518,56.784966,12.580643,52.07143,-2.3313475,0.57373047,1.1018143,-0.39976883,-0.98795474,1,0,9.8171539,8.5137892,0,58,0,0,10,1,90.540001
2009,11,,,,,,,,,,,,0,,,,,,,,0,0,200911,Barack Obama,50.931034,41.965519,54.825539,8.9655151,52.645161,-4.0229754,-1.7141266,-3.2560003,1.901001,4.7448492,1,0,11.738295,9.8171539,0,58,0,0,11,1,87.769997
2009,12,,,,,,,,,,,,0,,,,,,,,0,0,200912,Barack Obama,50.16,42.799999,53.958691,7.3600006,50.931034,-4.7715116,-0.77103424,-1.5138791,0.83448029,1.9884903,1,0,12.621335,11.738295,0,58,0,0,12,1,90.25
2010,1,,,,,,,,,,,,0,,,,,,,,0,0,201001,Barack Obama,49.433334,44.033333,52.888733,5.4000015,,-3.4958191,,,,,1,0,12.425705,12.621335,0,58,0,0,13,0,121.9
2010,2,,,,,,,,,,,,0,,,,,,,,0,0,201002,Barack Obama,50.285713,42.57143,54.153843,7.714283,49.433334,-2.6209419,0.85237885,1.7242997,-1.4619026,-3.3199909,1,0,11.943335,12.425705,0,58,0,0,14,0,131.64999
2010,3,,,,,,,,,,,,0,,,,,,,,0,0,201003,Barack Obama,48.5,44.366665,52.225414,4.1333351,50.285713,-4.3841567,-1.7857132,-3.5511343,1.7952347,4.2169943,1,0,12.213958,11.943335,0,58,0,0,15,0,142.42
2010,4,,,,,,,,,,,,0,,,,,,,,0,0,201004,Barack Obama,48.392857,45.035713,51.796635,3.3571434,48.5,-4.4688015,-0.1071434,-0.22091423,0.66904831,1.5079978,1,0,12.136446,12.213958,0,58,0,0,16,0,134.71001
2010,5,,,,,,,,,,,,0,,,,,,,,0,0,201005,Barack Obama,48.517242,44.206898,52.324284,4.3103447,48.392857,-4.3219175,0.12438583,0.25703347,-0.82881546,-1.8403516,1,0,11.620982,12.136446,0,58,0,0,17,0,127.09
2010,6,,,,,,,,,,,,0,,,,,,,,0,0,201006,Barack Obama,46.366665,45.533333,50.453392,0.83333206,48.517242,-6.4499965,-2.1505775,-4.4326048,1.3264351,3.0005162,1,0,10.45335,11.620982,0,58,0,0,18,0,116.74
2010,7,,,,,,,,,,,,0,,,,,,,,0,0,201007,Barack Obama,45.533333,46.599998,49.421131,-1.0666656,46.366665,-7.2608304,-0.83333206,-1.7972655,1.0666656,2.3426039,1,0,10.635194,10.45335,0,58,0,0,19,0,120.42
2010,8,,,,,,,,,,,,0,,,,,,,,0,0,201008,Barack Obama,44.032257,48.580647,47.544407,-4.5483894,45.533333,-8.7394075,-1.5010757,-3.2966526,1.980648,4.2503181,1,0,10.648103,10.635194,0,58,0,0,20,0,106.26
2010,9,,,,,,,,,,,,0,,,,,,,,0,0,201009,Barack Obama,45.166668,47.366665,48.811241,-2.1999969,44.032257,-7.5824986,1.1344109,2.5763178,-1.2139816,-2.4988997,1,0,10.643683,10.648103,0,58,0,0,21,0,118.74
2010,10,,,,,,,,,,,,0,,,,,,,,0,0,201010,Barack Obama,44.833332,47.700001,48.451008,-2.8666687,45.166668,-7.8933358,-0.33333588,-0.73801297,0.33333588,0.70373517,1,0,10.572186,10.643683,0,58,0,0,22,0,147.52
2010,11,,,,,,,,,,,,0,,,,,,,,0,0,201011,Barack Obama,45.185184,47.037037,48.995983,-1.8518524,44.833332,-7.5189848,0.35185242,0.78480095,-0.66296387,-1.3898613,1,0,10.943157,10.572186,0,58,0,0,23,0,146.05
2010,12,,,,,,,,,,,,0,,,,,,,,0,0,201012,Barack Obama,46.279999,45.959999,50.173462,0.31999969,45.185184,-6.4016724,1.0948143,2.4229498,-1.0770378,-2.2897654,1,0,10.795722,10.943157,0,58,0,0,24,0,156.44
2011,1,,,,,,,,,,,,0,,,,,,,,0,0,201101,Barack Obama,49.103447,42.896553,53.37331,6.2068939,,-1.5758662,,,,,1,0,10.731853,10.795722,0,58,0,0,25,0,157.23
2011,2,464,1019,2,USA,LIBYAN CIVILWAR,4,3,2011m2,2011m10,9,1,0,0,0,0,0,0,0,0,0,0,201102,Barack Obama,47.333332,44.370369,51.615509,2.9629631,49.103447,-3.3234828,-1.7701149,-3.6048689,1.4738159,3.4357443,1,0,11.107589,10.731853,0,58,0,0,26,0,142.21001
2011,3,464,1019,2,USA,LIBYAN CIVILWAR,4,3,2011m2,2011m10,9,2,0,0,0,0,0,0,0,0,0,0,201103,Barack Obama,46.833332,44.933334,51.035233,1.8999977,47.333332,-3.8009844,-0.5,-1.0563381,0.56296539,1.2687868,1,0,11.681602,11.107589,0,58,0,0,27,0,155.83
2011,4,464,1019,2,USA,LIBYAN CIVILWAR,4,3,2011m2,2011m10,9,3,0,0,0,0,0,0,0,0,0,0,201104,Barack Obama,44.137932,47.103447,48.374908,-2.9655151,46.833332,-6.473886,-2.6954002,-5.7553034,2.1701126,4.8296275,1,0,12.263633,11.681602,0,58,0,0,28,0,146.41
2011,5,464,1019,2,USA,LIBYAN CIVILWAR,4,3,2011m2,2011m10,9,4,0,0,0,0,0,0,0,0,0,0,201105,Barack Obama,49.900002,42.133335,54.219486,7.7666664,44.137932,-0.68931812,5.7620697,13.054689,-4.9701118,-10.551482,1,0,12.568651,12.263633,0,58,0,0,29,0,126.44
2011,6,464,1019,2,USA,LIBYAN CIVILWAR,4,3,2011m2,2011m10,9,5,0,0,0,0,0,0,0,0,0,0,201106,Barack Obama,45.966667,45.900002,50.036285,0.066665649,49.900002,-4.6001539,-3.9333344,-7.8824334,3.7666664,8.9398727,1,0,12.658831,12.568651,0,58,0,0,30,0,145.25999
2011,7,464,1019,2,USA,LIBYAN CIVILWAR,4,3,2011m2,2011m10,9,6,0,0,0,0,0,0,0,0,0,0,201107,Barack Obama,43.933334,47.833332,47.875046,-3.8999977,45.966667,-6.6109886,-2.0333328,-4.4234943,1.9333305,4.212049,1,0,12.628714,12.658831,0,58,0,0,31,0,170.14
2011,8,464,1019,2,USA,LIBYAN CIVILWAR,4,3,2011m2,2011m10,9,7,0,0,0,0,0,0,0,0,0,0,201108,Barack Obama,40.566666,51.700001,43.966763,-11.133335,43.933334,-9.9551592,-3.3666687,-7.6631303,3.8666687,8.0836277,1,0,12.771209,12.628714,0,58,0,0,32,0,143.36
2011,9,464,1019,2,USA,LIBYAN CIVILWAR,4,3,2011m2,2011m10,9,8,0,0,0,0,0,0,0,0,0,0,201109,Barack Obama,41.206898,50.586208,44.89106,-9.3793106,40.566666,-9.292428,0.64023209,1.5782222,-1.1137924,-2.1543374,1,0,12.868362,12.771209,0,58,0,0,33,0,135.8
2011,10,464,1019,2,USA,LIBYAN CIVILWAR,4,3,2011m2,2011m10,9,9,1,0,0,0,0,1,0,0,1,0,201110,Barack Obama,41.200001,50.966667,44.701626,-9.7666664,41.206898,-9.2768269,-0.006896973,-0.016737422,0.38045883,0.75209993,1,0,12.325203,12.868362,0,58,0,0,34,0,129.75
2011,11,,,,,,,,,,,,0,,,,,,,,0,0,201111,Barack Obama,42.517242,49.068966,46.423195,-6.5517235,41.200001,-7.9370866,1.3172417,3.1971884,-1.8977013,-3.7234163,1,0,11.994379,12.325203,0,58,0,0,35,0,135.14
2011,12,,,,,,,,,,,,0,,,,,,,,0,0,201112,Barack Obama,43.192307,49.076923,46.811169,-5.8846169,42.517242,-7.2395244,0.67506409,1.587742,0.007957459,0.016216887,1,0,11.462418,11.994379,0,58,0,0,36,0,138.57001
2012,1,,,,,,,,,,,,0,,,,,,,,0,0,201201,Barack Obama,44.833332,47.166668,48.731884,-2.3333359,,-3.5961409,,,,,1,0,11.22521,11.462418,0,58,1,1,37,0,130.08
2012,2,,,,,,,,,,,,0,,,,,,,,0,0,201202,Barack Obama,45.629631,47.296295,49.10323,-1.6666641,44.833332,-2.7773435,0.79629898,1.7761316,0.12962723,0.27482805,1,0,11.171094,11.22521,0,58,1,1,38,0,153.7
2012,3,,,,,,,,,,,,0,,,,,,,,0,0,201203,Barack Obama,46.451614,45.838711,50.33205,0.61290359,45.629631,-1.9328618,0.82198334,1.8014245,-1.4575844,-3.0818152,1,0,10.851399,11.171094,0,58,1,1,39,0,154.17999
2012,4,,,,,,,,,,,,0,,,,,,,,0,0,201204,Barack Obama,47.642857,45.535713,51.130703,2.1071434,46.451614,-0.71912116,1.1912422,2.5644796,-0.30299759,-0.66100812,1,0,10.50274,10.851399,0,58,1,1,40,0,139.53999
2012,5,,,,,,,,,,,,0,,,,,,,,0,0,201205,Barack Obama,47.166668,46.266666,50.481628,0.90000153,47.642857,-1.1728114,-0.47618866,-0.99949646,0.73095322,1.6052307,1,0,9.904253,10.50274,0,58,1,1,41,0,143.56
2012,6,,,,,,,,,,,,0,,,,,,,,0,0,201206,Barack Obama,46.466667,46.766666,49.839115,-0.29999924,47.166668,-1.8503138,-0.70000076,-1.4841005,0.5,1.0806917,1,0,9.8639917,9.904253,0,58,1,1,42,0,160.61
2012,7,,,,,,,,,,,,0,,,,,,,,0,0,201207,Barack Obama,45.758621,47,49.330856,-1.2413788,46.466667,-2.5358613,-0.70804596,-1.5237718,0.23333359,0.49893141,1,0,9.6084538,9.8639917,0,58,1,1,43,0,138.3
2012,8,,,,,,,,,,,,0,,,,,,,,0,0,201208,Barack Obama,45.032257,47.967743,48.421783,-2.9354858,45.758621,-3.239727,-0.72636414,-1.5873821,0.96774292,2.0590274,1,0,9.7923794,9.6084538,0,58,1,1,44,0,138.42999
2012,9,,,,,,,,,,,,0,,,,,,,,0,0,201209,Barack Obama,49.066666,44.566666,52.402992,4.5,45.032257,0.81717992,4.0344086,8.95893,-3.4010773,-7.0903425,1,0,9.7912779,9.7923794,0,58,1,1,45,0,133.03999
2012,10,,,,,,,,,,,,0,,,,,,,,0,0,201210,Barack Obama,50.080002,44.799999,52.782463,5.2800026,49.066666,1.8530145,1.0133362,2.0652232,0.23333359,0.52356076,1,0,9.9623423,9.7912779,0,58,1,1,46,0,147.55
2012,11,,,,,,,,,,,,0,,,,,,,,0,0,201211,Barack Obama,51.392857,42.07143,54.986626,9.3214264,50.080002,3.1883676,1.3128548,2.621515,-2.728569,-6.0905561,1,0,9.4641323,9.9623423,1,58,1,1,47,0,152
2012,12,,,,,,,,,,,,0,,,,,,,,0,0,201212,Barack Obama,52.666668,40.777779,56.361473,11.888889,51.392857,4.4846773,1.2738113,2.4785767,-1.2936516,-3.0748932,1,0,9.6410227,9.4641323,0,59,0,0,48,0,148.5
2013,1,,,,,,,,,,,,0,,,,,,,,0,0,201301,Barack Obama,52.172413,41.827587,55.502567,10.344826,,5.9927802,,,,,1,1,9.5948668,9.6410227,0,59,0,0,49,0,159.5
2013,2,469,1032,2,USA,N. KOREA NUCLEAR V,1,1,2013m2,2013m8,7,1,0,0,0,0,0,0,0,0,0,0,201302,Barack Obama,50.96154,42.692307,54.414787,8.2692337,52.172413,4.8044062,-1.2108727,-2.3209059,0.86471939,2.0673423,1,1,9.6779261,9.5948668,0,59,0,0,50,0,142.75999
2013,3,469,1032,2,USA,N. KOREA NUCLEAR V,1,1,2013m2,2013m8,7,2,0,0,0,0,0,0,0,0,0,0,201303,Barack Obama,48,45.033333,51.59441,2.9666672,50.96154,1.8653641,-2.9615402,-5.8113241,2.3410263,5.4834852,1,1,8.9738951,9.6779261,0,59,0,0,51,0,180.56
2013,4,469,1032,2,USA,N. KOREA NUCLEAR V,1,1,2013m2,2013m8,7,3,0,0,0,0,0,0,0,0,0,0,201304,Barack Obama,49.533333,43.700001,53.128349,5.8333321,48,3.4211953,1.5333328,3.1944435,-1.3333321,-2.960767,1,1,8.663085,8.9738951,0,59,0,0,52,0,152.07001
2013,5,469,1032,2,USA,N. KOREA NUCLEAR V,1,1,2013m2,2013m8,7,4,0,0,0,0,0,0,0,0,0,0,201305,Barack Obama,48.967743,44.225807,52.544132,4.7419357,49.533333,2.8781037,-0.5655899,-1.141837,0.52580643,1.2032183,1,1,8.8619671,8.663085,0,59,0,0,53,0,136.86
2013,6,469,1032,2,USA,N. KOREA NUCLEAR V,1,1,2013m2,2013m8,7,5,0,0,0,0,0,0,0,0,0,0,201306,Barack Obama,46.866665,45.299999,50.849911,1.5666656,48.967743,0.79952419,-2.101078,-4.2907391,1.074192,2.4288807,1,1,9.2544174,8.8619671,0,59,0,0,54,0,150.2
2013,7,469,1032,2,USA,N. KOREA NUCLEAR V,1,1,2013m2,2013m8,7,6,0,0,0,0,0,0,0,0,0,0,201307,Barack Obama,46,46.586208,49.683426,-0.58620834,46.866665,-0.044642281,-0.86666489,-1.849214,1.2862091,2.8393137,1,1,9.2606773,9.2544174,0,59,0,0,55,0,162.07001
2013,8,469,1032,2,USA,N. KOREA NUCLEAR V,1,1,2013m2,2013m8,7,7,0,0,1,0,1,0,0,0,1,0,201308,Barack Obama,45.161289,46.709679,49.157303,-1.5483894,46,-0.86085469,-0.83871078,-1.8232843,0.12347031,0.26503617,1,1,8.818368,9.2606773,0,59,0,0,56,0,136.49001
2013,8,470,1035,2,USA,SYRIA CHEMICAL WEAPONS,1,1,2013m8,2013m9,2,1,0,0,0,0,0,0,0,0,0,0,201308,Barack Obama,45.161289,46.709679,49.157303,-1.5483894,46,-0.86085469,-0.83871078,-1.8232843,0.12347031,0.26503617,1,1,8.818368,9.2606773,0,59,0,0,56,0,136.49001
2013,9,470,1035,2,USA,SYRIA CHEMICAL WEAPONS,1,1,2013m8,2013m9,2,2,0,1,0,0,0,1,0,0,1,0,201309,Barack Obama,44.400002,47.433334,48.348457,-3.0333328,45.161289,-1.5996439,-0.76128769,-1.6857085,0.7236557,1.5492629,1,1,8.4849272,8.818368,0,59,0,0,57,0,175.74001
2013,10,,,,,,,,,,,,0,,,,,,,,0,0,201310,Barack Obama,42.645161,50.774193,45.64917,-8.1290321,44.400002,-3.3319864,-1.7548409,-3.9523442,3.3408585,7.0432715,1,1,8.1636143,8.4849272,0,59,0,0,58,0,252.10001
2013,11,,,,,,,,,,,,0,,,,,,,,0,0,201311,Barack Obama,41,52.42857,43.883793,-11.42857,42.645161,-4.9546485,-1.6451607,-3.8577898,1.654377,3.2583029,1,1,8.1370754,8.1636143,0,59,0,0,59,0,148.05
2013,12,,,,,,,,,,,,0,,,,,,,,0,0,201312,Barack Obama,41.23077,50.884617,44.759918,-9.6538467,41,-4.7013803,0.23077011,0.56285393,-1.5439529,-2.9448695,1,1,8.2017345,8.1370754,0,59,0,0,60,0,131.31
2014,1,,,,,,,,,,,,0,,,,,,,,0,0,201401,Barack Obama,41.133335,51.099998,44.597038,-9.9666634,,-2.7964573,,,,,1,1,8.1789474,8.2017345,0,59,0,0,61,0,155.66
2014,2,,,,,,,,,,,,0,,,,,,,,0,0,201402,Barack Obama,41.846153,52.076923,44.553642,-10.23077,41.133335,-2.0611408,0.71281815,1.7329452,0.9769249,1.9117905,1,1,7.8263512,8.1789474,0,59,0,0,62,0,141.91
2014,3,,,,,,,,,,,,0,,,,,,,,0,0,201403,Barack Obama,42.666668,52.266666,44.943821,-9.5999985,41.846153,-1.2181277,0.82051468,1.9607887,0.18974304,0.36435148,1,1,8.2122049,7.8263512,0,59,0,0,63,0,131.39999
2014,4,,,,,,,,,,,,0,,,,,,,,0,0,201404,Barack Obama,43.758621,50.689655,46.330776,-6.9310341,42.666668,-0.10367601,1.0919533,2.5592654,-1.5770111,-3.0172408,1,1,8.1528578,8.2122049,0,59,0,0,64,0,131.57001
2014,5,,,,,,,,,,,,0,,,,,,,,0,0,201405,Barack Obama,44.129032,50.80645,46.483181,-6.6774178,43.758621,0.28923333,0.37041092,0.84648675,0.11679459,0.23041108,1,1,8.3271055,8.1528578,0,59,0,0,65,0,141.84
2014,6,,,,,,,,,,,,0,,,,,,,,0,0,201406,Barack Obama,42.103447,52.206898,44.643509,-10.103451,44.129032,-1.7138535,-2.0255852,-4.5901418,1.4004478,2.7564371,1,1,8.1723433,8.3271055,0,59,0,0,66,0,140.75
2014,7,,,,,,,,,,,,0,,,,,,,,0,0,201407,Barack Obama,42.099998,52.466667,44.518856,-10.366669,42.103447,-1.6948036,-0.003448486,-0.008190508,0.25976944,0.49757686,1,1,8.1923313,8.1723433,0,59,0,0,67,0,140.64
2014,8,,,,,,,,,,,,0,,,,,,,,0,0,201408,Barack Obama,41.633335,52.166668,44.385216,-10.533333,42.099998,-2.1389685,-0.46666336,-1.1084641,-0.29999924,-0.57179016,1,1,7.8996139,8.1923313,0,59,0,0,68,0,120.25
2014,9,,,,,,,,,,,,0,,,,,,,,0,0,201409,Barack Obama,41.714287,53,44.042233,-11.285713,41.633335,-2.0355184,0.080951691,0.1944396,0.83333206,1.5974416,1,1,7.6579204,7.8996139,0,59,0,0,69,0,116.67
2014,10,,,,,,,,,,,,0,,,,,,,,0,0,201410,Barack Obama,41.5,53.400002,43.73024,-11.900002,41.714287,-2.2273068,-0.2142868,-0.5137012,0.40000153,0.75471985,1,1,7.364337,7.6579204,0,59,0,0,70,0,137.66
2014,11,,,,,,,,,,,,0,,,,,,,,0,0,201411,Barack Obama,42.068966,52.793102,44.347511,-10.724136,41.5,-1.6358424,0.56896591,1.3710022,-0.60689926,-1.1365154,1,1,7.1223555,7.364337,0,59,0,0,71,0,181.72
2014,12,,,,,,,,,,,,0,,,,,,,,0,0,201412,Barack Obama,44.23077,50.53846,46.672081,-6.3076897,42.068966,0.54846013,2.1618042,5.1387148,-2.2546425,-4.2707143,1,1,6.3564935,7.1223555,0,59,0,0,72,0,143.78999
2015,1,,,,,,,,,,,,0,,,,,,,,0,0,201501,Barack Obama,46.448277,48.206898,49.071037,-1.7586212,,4.7683244,,,,,1,1,5.6106515,6.3564935,0,59,0,0,73,0,160.87
2015,2,,,,,,,,,,,,0,,,,,,,,0,0,201502,Barack Obama,45.923077,49.46154,48.145161,-3.5384636,46.448277,4.2656231,-0.52519989,-1.1307199,1.2546425,2.6026204,1,1,5.4748678,5.6106515,0,59,0,0,74,0,162.37
2015,3,,,,,,,,,,,,0,,,,,,,,0,0,201503,Barack Obama,46.19355,48.935482,48.558834,-2.7419319,45.923077,4.5585947,0.27047348,0.58897072,-0.5260582,-1.0635701,1,1,5.4263644,5.4748678,0,59,0,0,75,0,163.53999
2015,4,,,,,,,,,,,,0,,,,,,,,0,0,201504,Barack Obama,46.793102,48.620689,49.042282,-1.8275871,46.19355,5.1806455,0.59955215,1.2979132,-0.31479263,-0.64328092,1,1,5.2004795,5.4263644,0,59,0,0,76,0,146.34
2015,5,,,,,,,,,,,,0,,,,,,,,0,0,201505,Barack Obama,46.451614,48.645161,48.846676,-2.1935463,46.793102,4.8616557,-0.34148788,-0.72978252,0.024471283,0.050331008,1,1,5.4600668,5.2004795,0,59,0,0,77,0,156.10001
2015,6,,,,,,,,,,,,0,,,,,,,,0,0,201506,Barack Obama,45.551723,49.275864,48.036362,-3.7241402,46.451614,3.9842634,-0.8998909,-1.937265,0.63070297,1.296538,1,1,5.4237704,5.4600668,0,59,0,0,78,0,162.59
2015,7,,,,,,,,,,,,0,,,,,,,,0,0,201507,Barack Obama,45.966667,48.866665,48.471004,-2.8999977,45.551723,4.4217052,0.4149437,0.91092867,-0.40919876,-0.83042431,1,1,5.469573,5.4237704,0,59,0,0,79,0,136.55
2015,8,,,,,,,,,,,,0,,,,,,,,0,0,201508,Barack Obama,45.354839,50.161289,47.483959,-4.8064499,45.966667,3.832376,-0.61182785,-1.331025,1.2946243,2.6492996,1,1,5.2950745,5.469573,0,59,0,0,80,0,114.78
2015,9,,,,,,,,,,,,0,,,,,,,,0,0,201509,Barack Obama,46.655174,49.379311,48.581688,-2.7241364,45.354839,5.1552095,1.3003349,2.8670259,-0.78197861,-1.5589285,1,1,5.0638709,5.2950745,0,59,0,0,81,0,130.66
2015,10,,,,,,,,,,,,0,,,,,,,,0,0,201510,Barack Obama,46.233334,49.400002,48.344372,-3.1666679,46.655174,4.755867,-0.42184067,-0.90416694,0.020690918,0.041901998,1,1,5.1705737,5.0638709,0,59,0,0,82,0,146.35001
2015,11,476,1052,2,USA,TURKEY-RUSSIA JET INCIDENT,1,1,2015m11,2016m2,4,1,0,0,0,0,0,0,0,0,0,0,201511,Barack Obama,46.892857,49.035713,48.883099,-2.1428566,46.233334,5.4378886,0.65952301,1.4265097,-0.36428833,-0.73742574,1,1,5.5017967,5.1705737,0,59,0,0,83,0,128.10001
2015,12,476,1052,2,USA,TURKEY-RUSSIA JET INCIDENT,1,1,2015m11,2016m2,4,2,0,0,0,0,0,0,0,0,0,0,201512,Barack Obama,45.666668,50,47.735191,-4.3333321,46.892857,4.2341981,-1.2261887,-2.6148729,0.9642868,1.966499,1,1,5.7295189,5.5017967,0,59,0,0,84,0,137.14
2016,1,476,1052,2,USA,TURKEY-RUSSIA JET INCIDENT,1,1,2015m11,2016m2,4,3,0,0,0,0,0,0,0,0,0,0,201601,Barack Obama,47.766666,47.866665,49.94772,-0.099998474,,8.3365545,,,,,1,1,6.2730865,5.7295189,0,59,0,0,85,0,168.09
2016,2,476,1052,2,USA,TURKEY-RUSSIA JET INCIDENT,1,1,2015m11,2016m2,4,4,0,1,0,0,0,1,0,0,1,0,201602,Barack Obama,47.857143,48.142857,49.851192,-0.2857132,47.766666,8.4495296,0.09047699,0.1894145,0.27619171,0.57700223,1,1,5.9177966,6.2730865,0,59,0,0,86,0,181.73
2016,3,,,,,,,,,,,,0,,,,,,,,0,0,201603,Barack Obama,50.900002,45.5,52.800831,5.4000015,47.857143,11.514887,3.0428581,6.358211,-2.6428566,-5.4896131,1,1,5.8525362,5.9177966,0,59,0,0,87,0,173.88
2016,4,,,,,,,,,,,,0,,,,,,,,0,0,201604,Barack Obama,50.366665,45.566666,52.501736,4.7999992,50.900002,11.004048,-0.53333664,-1.0478126,0.066665649,0.14651792,1,1,6.1251116,5.8525362,0,59,0,0,88,0,158.96001
2016,5,,,,,,,,,,,,0,,,,,,,,0,0,201605,Barack Obama,51.290321,44.548386,53.517334,6.7419357,50.366665,11.950203,0.92365646,1.8338647,-1.01828,-2.2347038,1,1,5.7222657,6.1251116,0,59,0,0,89,0,149.85001
2016,6,,,,,,,,,,,,0,,,,,,,,0,0,201606,Barack Obama,51.433334,44.299999,53.725628,7.1333351,51.290321,12.115714,0.143013,0.27883038,-0.24838638,-0.55756539,1,1,5.905705,5.7222657,0,59,0,0,90,0,160.63
2016,7,,,,,,,,,,,,0,,,,,,,,0,0,201607,Barack Obama,49.846153,45.76923,52.131939,4.0769234,51.433334,10.551032,-1.5871811,-3.0858996,1.4692307,3.3165479,1,1,,5.905705,0,59,0,0,91,0,157.62
2016,8,,,,,,,,,,,,0,,,,,,,,0,0,201608,Barack Obama,,,,,49.846153,,,,,,1,1,,,0,59,0,0,92,0,133.85001
2016,9,,,,,,,,,,,,0,,,,,,,,0,0,201609,Barack Obama,,,,,,,,,,,1,1,,,0,59,0,0,93,0,132.47
2016,10,,,,,,,,,,,,0,,,,,,,,0,0,201610,Barack Obama,,,,,,,,,,,1,1,,,0,59,0,0,94,0,155.96001
2016,11,,,,,,,,,,,,0,,,,,,,,0,0,201611,Barack Obama,,,,,,,,,,,1,1,,,0,59,0,0,95,0,219.39
2016,12,,,,,,,,,,,,0,,,,,,,,0,0,201612,Barack Obama,,,,,,,,,,,1,1,,,0,59,0,0,96,0,173.35001
