year,month,yearmonth,presidentid,approve,disapprove,difference,approveL1,approve_detrend,appch,appchpc,disappch,disappchpc,demparty,term2,misery,miseryL1,elecmonth,elecyear,reelecyear,tenure,firstyear
1989,1,198901,George Bush,51,6,45,,-10.918491,,,,,0,0,10.067245,9.7194099,0,0,0,1,1
1989,2,198902,George Bush,61,12,49,51,-0.90295106,10,19.607843,6,100,0,0,10.027584,10.067245,0,0,0,2,1
1989,3,198903,George Bush,59,15.5,43.5,61,-2.8874111,-2,-3.2786884,3.5,29.166666,0,0,9.9785433,10.027584,0,0,0,3,1
1989,4,198904,George Bush,55.5,16.5,39,59,-6.371871,-3.5,-5.9322033,1,6.4516129,0,0,10.323826,9.9785433,0,0,0,4,1
1989,5,198905,George Bush,58.400002,20.4,38,55.5,-3.4563298,2.9000015,5.2252278,3.8999996,23.636362,0,0,10.561705,10.323826,0,0,0,5,1
1989,6,198906,George Bush,64.666664,16,48.666664,58.400002,2.8258729,6.2666626,10.730586,-4.3999996,-21.568626,0,0,10.46949,10.561705,0,0,0,6,1
1989,7,198907,George Bush,66,18,48,64.666664,4.1747484,1.3333359,2.0618596,2,12.5,0,0,10.178904,10.46949,0,0,0,7,1
1989,8,198908,George Bush,64.333336,18.666666,45.666672,66,2.5236244,-1.6666641,-2.5252488,0.66666603,3.7037001,0,0,9.9058809,10.178904,0,0,0,8,1
1989,9,198909,George Bush,67.5,17,50.5,64.333336,5.7058287,3.1666641,4.9222755,-1.666666,-8.9285679,0,0,9.6405649,9.9058809,0,0,0,9,1
1989,10,198910,George Bush,64,19.666666,44.333336,67.5,2.2213683,-3.5,-5.185185,2.666666,15.686271,0,0,9.7925138,9.6405649,0,0,0,10,1
1989,11,198911,George Bush,66,19.5,46.5,64,4.2369084,2,3.125,-0.16666603,-0.84745443,0,0,10.055028,9.7925138,0,0,0,11,1
1989,12,198912,George Bush,68.5,17.5,51,66,6.7524481,2.5,3.7878788,-2,-10.256411,0,0,10.047302,10.055028,0,0,0,12,1
1990,1,199001,George Bush,79,10,69,,18.635502,10.5,15.32846715,-7.5,-42.85714286,0,0,10.602315,10.047302,0,0,0,13,0
1990,2,199002,George Bush,72.666664,15.333333,57.333332,79,12.317706,-6.3333359,-8.016881,5.333333,53.333328,0,0,10.56316,10.602315,0,0,0,14,0
1990,3,199003,George Bush,70.5,18,52.5,72.666664,10.166582,-2.1666641,-2.981648,2.666667,17.391306,0,0,10.433028,10.56316,0,0,0,15,0
1990,4,199004,George Bush,69,15.5,53.5,70.5,8.6821222,-1.5,-2.1276596,-2.5,-13.888889,0,0,10.111612,10.433028,0,0,0,16,0
1990,5,199005,George Bush,66,19.5,46.5,69,5.6976619,-3,-4.347826,4,25.806452,0,0,9.7618694,10.111612,0,0,0,17,0
1990,6,199006,George Bush,69,16,53,66,8.7132015,3,4.5454545,-3.5,-17.948717,0,0,9.8736458,9.7618694,0,0,0,18,0
1990,7,199007,George Bush,61.400002,25,36.400002,69,1.1287434,-7.5999985,-11.01449,9,56.25,0,0,10.323145,9.8736458,0,0,0,19,0
1990,8,199008,George Bush,73.285713,16.428572,56.85714,61.400002,13.029995,11.885712,19.357836,-8.5714283,-34.285713,0,0,11.317984,10.323145,0,0,0,20,0
1990,9,199009,George Bush,67.199997,21.200001,45.999996,73.285713,6.9598188,-6.0857162,-8.3040962,4.7714291,29.04348,0,0,12.059998,11.317984,0,0,0,21,0
1990,10,199010,George Bush,56.599998,32.200001,24.399998,67.199997,-3.6246397,-10.599998,-15.773808,11,51.886791,0,0,12.18981,12.059998,0,0,0,22,0
1990,11,199011,George Bush,56,32.400002,23.599998,56.599998,-4.2090983,-0.59999847,-1.060068,0.20000076,0.62112039,0,0,12.474822,12.18981,0,0,0,23,0
1990,12,199012,George Bush,60.75,29.25,31.5,56,0.55644161,4.75,8.4821424,-3.1500015,-9.7222261,0,0,12.406269,12.474822,0,0,0,24,0
1991,1,199101,George Bush,74.555557,17.333334,57.222221,,15.745053,,,,,0,0,12.051495,12.406269,0,0,0,25,0
1991,2,199102,George Bush,80.833336,13.166667,67.666672,74.555557,22.038372,6.2777786,8.420269,-4.166667,-24.038462,0,0,11.912502,12.051495,0,0,0,26,0
1991,3,199103,George Bush,84.25,9.5,74.75,80.833336,25.470575,3.4166641,4.2268009,-3.666667,-27.848103,0,0,11.695107,11.912502,0,0,0,27,0
1991,4,199104,George Bush,77,13,64,84.25,18.236115,-7.25,-8.605341,3.5,36.842106,0,0,11.587512,11.695107,0,0,0,28,0
1991,5,199105,George Bush,74.75,16.5,58.25,77,16.001656,-2.25,-2.9220779,3.5,26.923077,0,0,11.853567,11.587512,0,0,0,29,0
1991,6,199106,George Bush,70.666664,19.666666,51,74.75,11.93386,-4.0833359,-5.4626565,3.166666,19.191916,0,0,11.595924,11.853567,0,0,0,30,0
1991,7,199107,George Bush,69.25,21,48.25,70.666664,10.532735,-1.4166641,-2.0047135,1.333334,6.7796645,0,0,11.247856,11.595924,0,0,0,31,0
1991,8,199108,George Bush,69.400002,20.799999,48.600002,69.25,10.698277,0.15000153,0.2166087,-0.20000076,-0.95238459,0,0,10.699392,11.247856,0,0,0,32,0
1991,9,199109,George Bush,64.333336,25.333334,39,69.400002,5.647151,-5.0666656,-7.3006706,4.5333347,21.79488,0,0,10.291108,10.699392,0,0,0,33,0
1991,10,199110,George Bush,64,27.333334,36.666664,64.333336,5.3293552,-0.33333588,-0.51813865,2,7.8947368,0,0,9.9213438,10.291108,0,0,0,34,0
1991,11,199111,George Bush,51,39,12,64,-7.6551051,-13,-20.3125,11.666666,42.682922,0,0,9.9895363,9.9213438,0,0,0,35,0
1991,12,199112,George Bush,,,,51,,,,,,0,0,10.364268,9.9895363,0,0,0,36,0
1992,1,199201,George Bush,45,48,-3,,-12.256511,,,,,0,0,9.9002972,10.364268,0,1,1,37,0
1992,2,199202,George Bush,40.200001,49.400002,-9.2000008,45,-17.04097,-4.7999992,-10.666665,1.4000015,2.9166698,0,0,10.218993,9.9002972,0,1,1,38,0
1992,3,199203,George Bush,40.5,48.5,-8,40.200001,-16.725431,0.29999924,0.74626672,-0.90000153,-1.8218654,0,0,10.585188,10.218993,0,1,1,39,0
1992,4,199204,George Bush,40.333332,49.333332,-9,40.5,-16.876558,-0.16666794,-0.41152579,0.83333206,1.7182105,0,0,10.580476,10.585188,0,1,1,40,0
1992,5,199205,George Bush,40.5,51.5,-11,40.333332,-16.694351,0.16666794,0.41322631,2.1666679,4.3918948,0,0,10.623592,10.580476,0,1,1,41,0
1992,6,199206,George Bush,36.666668,54.666668,-18,40.5,-20.512144,-3.8333321,-9.4650173,3.1666679,6.14887,0,0,10.888233,10.623592,0,1,1,42,0
1992,7,199207,George Bush,30.333334,59,-28.666666,36.666668,-26.829937,-6.333334,-17.272728,4.3333321,7.926827,0,0,10.857124,10.888233,0,1,1,43,0
1992,8,199208,George Bush,36.666668,56,-19.333332,30.333334,-20.481064,6.333334,20.879122,-3,-5.0847459,0,0,10.747868,10.857124,0,1,1,44,0
1992,9,199209,George Bush,34.75,56,-21.25,36.666668,-22.382191,-1.9166679,-5.2272758,0,0,0,0,10.588343,10.747868,0,1,1,45,0
1992,10,199210,George Bush,34.666668,57,-22.333332,34.75,-22.449984,-0.083332062,-0.23980449,1,1.7857143,0,0,10.502337,10.588343,0,1,1,46,0
1992,11,199211,George Bush,42,46,-4,34.666668,-15.101111,7.3333321,21.153841,-11,-19.298246,0,0,10.447893,10.502337,1,1,1,47,0
1992,12,199212,George Bush,48.5,43.5,5,42,-8.5855722,6.5,15.476191,-2.5,-5.4347825,0,0,10.300653,10.447893,0,0,0,48,0
1993,1,199301,William J. Clinton,55.666668,29,26.666668,48.5,-4.48422,7.166668,14.77663505,-14.5,-33.33333333,1,0,10.558508,10.300653,0,0,0,1,1
1993,2,199302,William J. Clinton,54.5,30.5,24,55.666668,-5.6353478,-1.1666679,-2.0958107,1.5,5.1724138,1,0,10.346753,10.558508,0,0,0,2,1
1993,3,199303,William J. Clinton,52,35,17,54.5,-8.1198082,-2.5,-4.5871558,4.5,14.754098,1,0,10.086864,10.346753,0,0,0,3,1
1993,4,199304,William J. Clinton,55,37,18,52,-5.1042681,3,5.7692308,2,5.7142859,1,0,10.325807,10.086864,0,0,0,4,1
1993,5,199305,William J. Clinton,44,44.5,-0.5,55,-16.088728,-11,-20,7.5,20.270269,1,0,10.321188,10.325807,0,0,0,5,1
1993,6,199306,William J. Clinton,39.666668,48.666668,-9,44,-20.406521,-4.3333321,-9.8484821,4.1666679,9.3632984,1,0,9.995718,10.321188,0,0,0,6,1
1993,7,199307,William J. Clinton,45,45.5,-0.5,39.666668,-15.057649,5.3333321,13.445374,-3.1666679,-6.5068517,1,0,9.6757965,9.995718,0,0,0,7,1
1993,8,199308,William J. Clinton,43.5,46.5,-3,45,-16.542109,-1.5,-3.3333333,1,2.1978023,1,0,9.5679274,9.6757965,0,0,0,8,1
1993,9,199309,William J. Clinton,49.333332,39,10.333332,43.5,-10.693236,5.8333321,13.409959,-7.5,-16.129032,1,0,9.3893156,9.5679274,0,0,0,9,1
1993,10,199310,William J. Clinton,48,43,5,49.333332,-12.011028,-1.3333321,-2.7027001,4,10.256411,1,0,9.5503483,9.3893156,0,0,0,10,1
1993,11,199311,William J. Clinton,47.666668,43,4.6666679,48,-12.32882,-0.33333206,-0.6944418,0,0,1,0,9.2760582,9.5503483,0,0,0,11,1
1993,12,199312,William J. Clinton,49.5,40,9.5,47.666668,-10.479949,1.8333321,3.8461511,-3,-6.9767442,1,0,9.2484207,9.2760582,0,0,0,12,1
1994,1,199401,William J. Clinton,54.666668,36.666668,18,49.5,-3.9302266,5.166668,10.43771313,-3.333332,-8.33333,1,0,9.1245375,9.2484207,0,0,0,13,0
1994,2,199402,William J. Clinton,53,40,13,54.666668,-5.5813546,-1.6666679,-3.0487828,3.3333321,9.0909052,1,0,9.1157169,9.1245375,0,0,0,14,0
1994,3,199403,William J. Clinton,50.5,41,9.5,53,-8.065815,-2.5,-4.7169809,1,2.5,1,0,9.0069571,9.1157169,0,0,0,15,0
1994,4,199404,William J. Clinton,49,42,7,50.5,-9.5502748,-1.5,-2.9702971,1,2.4390244,1,0,8.7611065,9.0069571,0,0,0,16,0
1994,5,199405,William J. Clinton,50,42,8,49,-8.5347347,1,2.0408163,0,0,1,0,8.3884907,8.7611065,0,0,0,17,0
1994,6,199406,William J. Clinton,46,45.666668,0.33333206,50,-12.519195,-4,-8,3.6666679,8.7301617,1,0,8.5930786,8.3884907,0,0,0,18,0
1994,7,199407,William J. Clinton,42.5,48,-5.5,46,-16.003654,-3.5,-7.6086955,2.3333321,5.1094861,1,0,8.8700829,8.5930786,0,0,0,19,0
1994,8,199408,William J. Clinton,41,49.5,-8.5,42.5,-17.488115,-1.5,-3.5294118,1.5,3.125,1,0,8.9005508,8.8700829,0,0,0,20,0
1994,9,199409,William J. Clinton,41.333332,51.333332,-10,41,-17.139242,0.33333206,0.81300503,1.8333321,3.703701,1,0,8.8634653,8.9005508,0,0,0,21,0
1994,10,199410,William J. Clinton,43.333332,49.666668,-6.3333359,41.333332,-15.123703,2,4.8387098,-1.6666641,-3.2467484,1,0,8.4081011,8.8634653,0,0,0,22,0
1994,11,199411,William J. Clinton,44,47,-3,43.333332,-14.441495,0.66666794,1.5384645,-2.6666679,-5.3691301,1,0,8.2748928,8.4081011,0,0,0,23,0
1994,12,199412,William J. Clinton,41.333332,51,-9.6666679,44,-17.092623,-2.6666679,-6.0606089,4,8.5106382,1,0,8.1748924,8.2748928,0,0,0,24,0
1995,1,199501,William J. Clinton,46,45,1,41.333332,-11.042901,4.666668,11.29032617,-6,-11.76470588,1,0,8.4043818,8.1748924,0,0,0,25,0
1995,2,199502,William J. Clinton,45,45.5,-0.5,46,-12.027361,-1,-2.173913,0.5,1.1111112,1,0,8.2629833,8.4043818,0,0,0,26,0
1995,3,199503,William J. Clinton,43.5,46,-2.5,45,-13.511822,-1.5,-3.3333333,0.5,1.0989012,1,0,8.2532587,8.2629833,0,0,0,27,0
1995,4,199504,William J. Clinton,47.333332,42.666668,4.6666641,43.5,-9.6629496,3.8333321,8.8122578,-3.3333321,-7.2463741,1,0,8.8529177,8.2532587,0,0,0,28,0
1995,5,199505,William J. Clinton,50,42,8,47.333332,-6.9807415,2.6666679,5.6338058,-0.66666794,-1.562503,1,0,8.786438,8.8529177,0,0,0,29,0
1995,6,199506,William J. Clinton,46,42,4,50,-10.965201,-4,-8,0,0,1,0,8.6405401,8.786438,0,0,0,30,0
1995,7,199507,William J. Clinton,46.5,43,3.5,46,-10.449661,0.5,1.0869565,1,2.3809524,1,0,8.4628067,8.6405401,0,0,0,31,0
1995,8,199508,William J. Clinton,45,42.5,2.5,46.5,-11.934122,-1.5,-3.2258065,-0.5,-1.1627907,1,0,8.3174458,8.4628067,0,0,0,32,0
1995,9,199509,William J. Clinton,45,43,2,45,-11.918582,0,0,0.5,1.1764706,1,0,8.1435089,8.3174458,0,0,0,33,0
1995,10,199510,William J. Clinton,47.5,40.5,7,45,-9.4030418,2.5,5.5555553,-2.5,-5.8139534,1,0,8.3093624,8.1435089,0,0,0,34,0
1995,11,199511,William J. Clinton,52.5,38.5,14,47.5,-4.3875017,5,10.526316,-2,-4.9382715,1,0,8.2052164,8.3093624,0,0,0,35,0
1995,12,199512,William J. Clinton,50,43,7,52.5,-6.8719621,-2.5,-4.7619047,4.5,11.688312,1,0,8.1384125,8.2052164,0,0,0,36,0
1996,1,199601,William J. Clinton,46.666668,45.666668,1,50,-8.8222399,-3.333332,-6.666664,2.666668,6.201553488,1,0,8.3278713,8.1384125,0,1,1,37,0
1996,2,199602,William J. Clinton,53,40,13,46.666668,-2.4733679,6.3333321,13.571425,-5.6666679,-12.408762,1,0,8.1507626,8.3278713,0,1,1,38,0
1996,3,199603,William J. Clinton,53,37.5,15.5,53,-2.457828,0,0,-2.5,-6.25,1,0,8.3401604,8.1507626,0,1,1,39,0
1996,4,199604,William J. Clinton,54.5,38,16.5,53,-0.9422881,1.5,2.8301888,0.5,1.3333334,1,0,8.4966488,8.3401604,0,1,1,40,0
1996,5,199605,William J. Clinton,53.5,38,15.5,54.5,-1.9267482,-1,-1.8348624,0,0,1,0,8.4909391,8.4966488,0,1,1,41,0
1996,6,199606,William J. Clinton,54,38.5,15.5,53.5,-1.4112082,0.5,0.93457943,0.5,1.3157895,1,0,8.0540962,8.4909391,0,1,1,42,0
1996,7,199607,William J. Clinton,56.5,35,21.5,54,1.1043317,2.5,4.6296296,-3.5,-9.090909,1,0,8.45082,8.0540962,0,1,1,43,0
1996,8,199608,William J. Clinton,55.25,36.75,18.5,56.5,-0.13012834,-1.25,-2.2123895,1.75,5,1,0,7.977704,8.45082,0,1,1,44,0
1996,9,199609,William J. Clinton,,,,55.25,,,,,,1,0,8.2026148,7.977704,0,1,1,45,0
1996,10,199610,William J. Clinton,56,35,21,,0.6509515,,,,,1,0,8.1928473,8.2026148,0,1,1,46,0
1996,11,199611,William J. Clinton,57,34,23,56,1.6664915,1,1.7857143,-1,-2.8571429,1,0,8.6552086,8.1928473,1,1,1,47,0
1996,12,199612,William J. Clinton,57,34,23,57,1.6820314,0,0,0,0,1,0,8.7224798,8.6552086,0,0,0,48,0
1997,1,199701,William J. Clinton,59,31.333334,27.666666,57,5.0650854,2,3.50877193,-2.666666,-7.843135294,1,1,8.3440495,8.7224798,0,0,0,49,0
1997,2,199702,William J. Clinton,56,32,24,59,2.0806253,-3,-5.0847459,0.66666603,2.1276574,1,1,8.2342234,8.3440495,0,0,0,50,0
1997,3,199703,William J. Clinton,59,35,24,56,5.0961652,3,5.3571429,3,9.375,1,1,7.9617233,8.2342234,0,0,0,51,0
1997,4,199704,William J. Clinton,54,36.5,17.5,59,0.11170524,-5,-8.474576,1.5,4.2857141,1,1,7.5951977,7.9617233,0,0,0,52,0
1997,5,199705,William J. Clinton,56.5,35,21.5,54,2.6272452,2.5,4.6296296,-1.5,-4.1095891,1,1,7.1349936,7.5951977,0,0,0,53,0
1997,6,199706,William J. Clinton,55,35,20,56.5,1.1427851,-1.5,-2.6548672,0,0,1,1,7.2973871,7.1349936,0,0,0,54,0
1997,7,199707,William J. Clinton,58,34,24,55,4.1583252,3,5.4545455,-1,-2.8571429,1,1,7.1292992,7.2973871,0,0,0,55,0
1997,8,199708,William J. Clinton,60,32.5,27.5,58,6.1738648,2,3.4482758,-1.5,-4.4117646,1,1,7.0250478,7.1292992,0,0,0,56,0
1997,9,199709,William J. Clinton,58.5,29.5,29,60,4.689405,-1.5,-2.5,-3,-9.2307692,1,1,7.0546227,7.0250478,0,0,0,57,0
1997,10,199710,William J. Clinton,56.5,33.5,23,58.5,2.7049448,-2,-3.4188035,4,13.559322,1,1,6.7846508,7.0546227,0,0,0,58,0
1997,11,199711,William J. Clinton,59,30.5,28.5,56.5,5.2204847,2.5,4.4247789,-3,-8.955224,1,1,6.4284954,6.7846508,0,0,0,59,0
1997,12,199712,William J. Clinton,55,36,19,59,1.2360247,-4,-6.7796612,5.5,18.032787,1,1,6.4023938,6.4284954,0,0,0,60,0
1998,1,199801,William J. Clinton,61.833332,31.333334,30.499998,55,9.4524107,6.833332,12.42424,-4.666666,-12.96296111,1,1,6.1713386,6.4023938,0,0,0,61,0
1998,2,199802,William J. Clinton,65.5,29,36.5,61.833332,13.134619,3.6666679,5.9299212,-2.333334,-7.4468102,1,1,6.0410948,6.1713386,0,0,0,62,0
1998,3,199803,William J. Clinton,64.666664,29.333334,35.333328,65.5,12.316823,-0.83333588,-1.2722685,0.33333397,1.1494275,1,1,6.0749979,6.0410948,0,0,0,63,0
1998,4,199804,William J. Clinton,65,29,36,64.666664,12.665699,0.33333588,0.51546788,-0.33333397,-1.1363658,1,1,5.7357073,6.0749979,0,0,0,64,0
1998,5,199805,William J. Clinton,64,30,34,65,11.681238,-1,-1.5384616,1,3.4482758,1,1,6.0864439,5.7357073,0,0,0,65,0
1998,6,199806,William J. Clinton,60,33,27,64,7.6967783,-4,-6.25,3,10,1,1,6.18434,6.0864439,0,0,0,66,0
1998,7,199807,William J. Clinton,62.666668,31.666666,31.000002,60,10.378986,2.6666679,4.4444466,-1.333334,-4.0404058,1,1,6.182241,6.18434,0,0,0,67,0
1998,8,199808,William J. Clinton,62.333332,31.5,30.833332,62.666668,10.061191,-0.33333588,-0.53191894,-0.16666603,-0.52631378,1,1,6.11691,6.182241,0,0,0,68,0
1998,9,199809,William J. Clinton,62.285713,33,29.285713,62.333332,10.029112,-0.047618866,-0.076393902,1.5,4.7619047,1,1,6.0888395,6.11691,0,0,0,69,0
1998,10,199810,William J. Clinton,64.5,31.25,33.25,62.285713,12.258938,2.2142868,3.5550478,-1.75,-5.3030305,1,1,5.9851446,6.0888395,0,0,0,70,0
1998,11,199811,William J. Clinton,65,30.5,34.5,64.5,12.774478,0.5,0.77519381,-0.75,-2.4000001,1,1,5.9479876,5.9851446,0,0,0,71,0
1998,12,199812,William J. Clinton,64,31.5,32.5,65,11.790018,-1,-1.5384616,1,3.2786884,1,1,6.0118976,5.9479876,0,0,0,72,0
1999,1,199901,William J. Clinton,67,30.6,36.400002,64,16.173073,3,4.6875,-0.9,-2.857142857,1,1,5.9707904,6.0118976,0,0,0,73,0
1999,2,199902,William J. Clinton,64.571426,31.571428,33,67,13.760038,-2.4285736,-3.6247368,0.97142792,3.1746011,1,1,6.0059338,5.9707904,0,0,0,74,0
1999,3,199903,William J. Clinton,64,31.5,32.5,64.571426,13.204152,-0.57142639,-0.88495243,-0.071428299,-0.22624348,1,1,5.9262657,6.0059338,0,0,0,75,0
1999,4,199904,William J. Clinton,59,35.25,23.75,64,8.2196922,-5,-7.8125,3.75,11.904762,1,1,6.5769215,5.9262657,0,0,0,76,0
1999,5,199905,William J. Clinton,58,37,21,59,7.2352319,-1,-1.6949153,1.75,4.9645391,1,1,6.2884483,6.5769215,0,0,0,77,0
1999,6,199906,William J. Clinton,59,36.333332,22.666668,58,8.2507715,1,1.7241379,-0.66666794,-1.8018053,1,1,6.2631884,6.2884483,0,0,0,78,0
1999,7,199907,William J. Clinton,59.666668,34.666668,25,59,8.9329796,0.66666794,1.1299456,-1.6666641,-4.5871491,1,1,6.4446077,6.2631884,0,0,0,79,0
1999,8,199908,William J. Clinton,59.333332,35,24.333332,59.666668,8.6151838,-0.33333588,-0.55866349,0.33333206,0.96153474,1,1,6.4643893,6.4446077,0,0,0,80,0
1999,9,199909,William J. Clinton,59.5,37.5,22,59.333332,8.7973919,0.16666794,0.28090101,2.5,7.1428571,1,1,6.8283539,6.4643893,0,0,0,81,0
1999,10,199910,William J. Clinton,57.5,36.5,21,59.5,6.8129315,-2,-3.3613446,-1,-2.6666667,1,1,6.6609735,6.8283539,0,0,0,82,0
1999,11,199911,William J. Clinton,58.5,37,21.5,57.5,7.8284712,1,1.7391304,0.5,1.369863,1,1,6.7219529,6.6609735,0,0,0,83,0
1999,12,199912,William J. Clinton,56.5,38,18.5,58.5,5.8440113,-2,-3.4188035,1,2.7027028,1,1,6.6845694,6.7219529,0,0,0,84,0
2000,1,200001,William J. Clinton,61.75,34,27.75,56.5,12.477065,5.25,9.292035398,-4,-10.52631579,1,1,6.7388926,6.6845694,0,1,0,85,0
2000,2,200002,William J. Clinton,59.666668,35.333332,24.333336,61.75,10.409273,-2.0833321,-3.3738172,1.3333321,3.9215648,1,1,7.3218861,6.7388926,0,1,0,86,0
2000,3,200003,William J. Clinton,60,35.333332,24.666668,59.666668,10.758145,0.33333206,0.55865705,0,0,1,1,7.7575741,7.3218861,0,1,0,87,0
2000,4,200004,William J. Clinton,58,39,19,60,8.7736855,-2,-3.3333333,3.6666679,10.377362,1,1,6.8685961,7.7575741,0,1,0,88,0
2000,5,200005,William J. Clinton,57,36,21,58,7.7892251,-1,-1.7241379,-3,-7.6923075,1,1,7.188931,6.8685961,0,1,0,89,0
2000,6,200006,William J. Clinton,56.5,37.5,19,57,7.3047652,-0.5,-0.87719297,1.5,4.1666665,1,1,7.7304435,7.188931,0,1,0,90,0
2000,7,200007,William J. Clinton,58,36.666668,21.333332,56.5,8.8203049,1.5,2.6548672,-0.83333206,-2.2222188,1,1,7.6592722,7.7304435,0,1,0,91,0
2000,8,200008,William J. Clinton,60.75,35,25.75,58,11.585845,2.75,4.7413793,-1.6666679,-4.5454578,1,1,7.5111289,7.6592722,0,1,0,92,0
2000,9,200009,William J. Clinton,60,34,26,60.75,10.851385,-0.75,-1.2345679,-1,-2.8571429,1,1,7.3544393,7.5111289,0,1,0,93,0
2000,10,200010,William J. Clinton,57,37,20,60,7.8669248,-3,-5,3,8.8235292,1,1,7.348278,7.3544393,0,1,0,94,0
2000,11,200011,William J. Clinton,63,32,31,57,13.882464,6,10.526316,-5,-13.513514,1,1,7.3462286,7.348278,1,1,0,95,0
2000,12,200012,William J. Clinton,65,30.5,34.5,63,15.898005,2,3.1746032,-1.5,-4.6875,1,1,7.2868075,7.3462286,0,0,0,96,0
2001,1,200101,George W. Bush,,,,,,,,,,0,0,7.932229,7.2868075,0,0,0,1,1
2001,2,200102,George W. Bush,58.333332,23.333334,35,,3.538028,,,,,0,0,7.7335687,7.932229,0,0,0,2,1
2001,3,200103,George W. Bush,57.333332,26,31.333332,58.333332,2.5535679,-1,-1.7142857,2.666666,11.428569,0,0,7.220561,7.7335687,0,0,0,3,1
2001,4,200104,George W. Bush,60.5,29,31.5,57.333332,5.7357759,3.1666679,5.5232582,3,11.538462,0,0,7.6691132,7.220561,0,0,0,4,1
2001,5,200105,George W. Bush,54.666668,32.666668,22,60.5,-0.082016252,-5.8333321,-9.6418715,3.6666679,12.643682,0,0,7.9151587,7.6691132,0,0,0,5,1
2001,6,200106,George W. Bush,52.25,36.25,16,54.666668,-2.4831443,-2.4166679,-4.4207339,3.5833321,10.969383,0,0,7.7482634,7.9151587,0,0,0,6,1
2001,7,200107,George W. Bush,56,33.5,22.5,52.25,1.2823957,3.75,7.1770334,-2.75,-7.5862069,0,0,7.3199053,7.7482634,0,0,0,7,1
2001,8,200108,George W. Bush,56,34.25,21.75,56,1.2979356,0,0,0.75,2.238806,0,0,7.6199055,7.3199053,0,0,0,8,1
2001,9,200109,George W. Bush,75,18,57,56,20.313475,19,33.92857,-16.25,-47.445255,0,0,7.6482477,7.6199055,0,0,0,9,1
2001,10,200110,George W. Bush,88,8.666667,79.333336,75,33.329014,13,17.333334,-9.333333,-51.851849,0,0,7.4264355,7.6482477,0,0,0,10,1
2001,11,200111,George W. Bush,86,9,77,88,31.344555,-2,-2.2727273,0.33333302,3.8461499,0,0,7.3954554,7.4264355,0,0,0,11,1
2001,12,200112,George W. Bush,85,10,75,86,30.360096,-1,-1.1627907,1,11.111111,0,0,7.2517223,7.3954554,0,0,0,12,1
2002,1,200201,George W. Bush,83,12.5,70.5,85,29.743149,-2,-2.352941176,2.5,25,0,0,6.8422041,7.2517223,0,0,0,13,0
2002,2,200202,George W. Bush,81,13.5,67.5,83,27.75869,-2,-2.4096386,1,8,0,0,6.837656,6.8422041,0,0,0,14,0
2002,3,200203,George W. Bush,78.400002,15.6,62.800003,81,25.174231,-2.5999985,-3.2098746,2.1000004,15.555558,0,0,7.1755991,6.837656,0,0,0,15,0
2002,4,200204,George W. Bush,75.5,18.25,57.25,78.400002,22.28977,-2.9000015,-3.6989815,2.6499996,16.987177,0,0,7.5393496,7.1755991,0,0,0,16,0
2002,5,200205,George W. Bush,75.666664,17.333334,58.333328,75.5,22.471973,0.16666412,0.22074719,-0.91666603,-5.0228276,0,0,6.9817705,7.5393496,0,0,0,17,0
2002,6,200206,George W. Bush,72.75,20,52.75,75.666664,19.570848,-2.9166641,-3.8546224,2.666666,15.384611,0,0,6.8674126,6.9817705,0,0,0,18,0
2002,7,200207,George W. Bush,70.599998,22.200001,48.399998,72.75,17.436388,-2.1500015,-2.9553285,2.2000008,11.000004,0,0,7.2647924,6.8674126,0,0,0,19,0
2002,8,200208,George W. Bush,65,27,38,70.599998,11.851929,-5.5999985,-7.9320092,4.7999992,21.621618,0,0,7.5028152,7.2647924,0,0,0,20,0
2002,9,200209,George W. Bush,66.800003,27.6,39.200005,65,13.667472,1.8000031,2.7692354,0.60000038,2.2222235,0,0,7.2142997,7.5028152,0,0,0,21,0
2002,10,200210,George W. Bush,64.5,28.5,36,66.800003,11.383009,-2.3000031,-3.4431181,0.89999962,3.2608681,0,0,7.7258897,7.2142997,0,0,0,22,0
2002,11,200211,George W. Bush,67,25.5,41.5,64.5,13.898549,2.5,3.8759689,-3,-10.526316,0,0,8.0984268,7.7258897,0,0,0,23,0
2002,12,200212,George W. Bush,62.333332,31,31.333332,67,9.2474203,-4.6666679,-6.9651761,5.5,21.568628,0,0,8.3769083,8.0984268,0,0,0,24,0
2003,1,200301,George W. Bush,59.666668,34.333332,25.333336,62.333332,7.9638104,-2.666664,-4.27807068,3.333332,10.75268387,0,0,8.397398,8.3769083,0,0,0,25,0
2003,2,200302,George W. Bush,58.25,35.25,23,59.666668,6.5626826,-1.4166679,-2.3743038,0.91666794,2.6699066,0,0,8.8808794,8.397398,0,0,0,26,0
2003,3,200303,George W. Bush,64.800003,30.200001,34.600002,58.25,13.128225,6.5500031,11.24464,-5.0499992,-14.326239,0,0,8.9201307,8.8808794,0,0,0,27,0
2003,4,200304,George W. Bush,69.5,25.5,44,64.800003,17.843763,4.6999969,7.2530813,-4.7000008,-15.562916,0,0,8.2246943,8.9201307,0,0,0,28,0
2003,5,200305,George W. Bush,65.666664,30,35.666664,69.5,14.025967,-3.8333359,-5.5155911,4.5,17.647058,0,0,8.1578407,8.2246943,0,0,0,29,0
2003,6,200306,George W. Bush,59.333332,35,24.333332,65.666664,7.7081742,-6.3333321,-9.6446686,5,16.666666,0,0,8.4122868,8.1578407,0,0,0,30,0
2003,7,200307,George W. Bush,60.5,35,25.5,59.333332,8.8903828,1.1666679,1.9662943,0,0,0,0,8.3099318,8.4122868,0,0,0,31,0
2003,8,200308,George W. Bush,59.5,36,23.5,60.5,7.9059224,-1,-1.6528926,1,2.8571429,0,0,8.2582779,8.3099318,0,0,0,32,0
2003,9,200309,George W. Bush,50.5,44.5,6,59.5,-1.0785378,-9,-15.12605,8.5,23.611111,0,0,8.4204407,8.2582779,0,0,0,33,0
2003,10,200310,George W. Bush,56,39.25,16.75,50.5,4.4370022,5.5,10.891089,-5.25,-11.797752,0,0,8.0408144,8.4204407,0,0,0,34,0
2003,11,200311,George W. Bush,51.5,44.5,7,56,-0.047457963,-4.5,-8.0357141,5.25,13.375796,0,0,7.5650287,8.0408144,0,0,0,35,0
2003,12,200312,George W. Bush,58.5,37,21.5,51.5,6.968082,7,13.592233,-7.5,-16.853933,0,0,7.5794964,7.5650287,0,0,0,36,0
2004,1,200401,George W. Bush,55.5,40.25,15.25,58.5,5.3511362,-3,-5.128205128,3.25,8.783783784,0,0,7.6262522,7.5794964,0,1,1,37,0
2004,2,200402,George W. Bush,51.333332,44.666668,6.6666641,55.5,1.200008,-4.1666679,-7.5075097,4.4166679,10.973088,0,0,7.2930589,7.6262522,0,1,1,38,0
2004,3,200403,George W. Bush,51.666668,44.666668,7,51.333332,1.5488838,0.33333588,0.64935559,0,0,0,0,7.537241,7.2930589,0,1,1,39,0
2004,4,200404,George W. Bush,51,44.5,6.5,51.666668,0.8977558,-0.66666794,-1.290325,-0.16666794,-0.37313718,0,0,7.8850908,7.537241,0,1,1,40,0
2004,5,200405,George W. Bush,46.666668,48.666668,-2,51,-3.4200363,-4.3333321,-8.4967299,4.1666679,9.3632984,0,0,8.6517744,7.8850908,0,1,1,41,0
2004,6,200406,George W. Bush,49,47,2,46.666668,-1.0711644,2.3333321,4.9999971,-1.6666679,-3.42466,0,0,8.8661947,8.6517744,0,1,1,42,0
2004,7,200407,George W. Bush,47,48.333332,-1.3333321,49,-3.0556245,-2,-4.0816326,1.3333321,2.8368766,0,0,8.490756,8.8661947,0,1,1,43,0
2004,8,200408,George W. Bush,50,45.5,4.5,47,-0.040084448,3,6.3829789,-2.8333321,-5.8620663,0,0,8.0543842,8.490756,0,1,1,44,0
2004,9,200409,George W. Bush,51.666668,45,6.6666679,50,1.6421235,1.6666679,3.3333359,-0.5,-1.0989012,0,0,7.9377956,8.0543842,0,1,1,45,0
2004,10,200410,George W. Bush,48.666668,47.166668,1.5,51.666668,-1.3423367,-3,-5.8064513,2.1666679,4.8148174,0,0,8.6891861,7.9377956,0,1,1,46,0
2004,11,200411,George W. Bush,53,44,9,48.666668,3.0065353,4.3333321,8.9041071,-3.1666679,-6.7137833,0,0,8.9230356,8.6891861,1,1,1,47,0
2004,12,200412,George W. Bush,50.5,45,5.5,53,0.5220753,-2.5,-4.7169809,1,2.2727273,0,0,8.6555614,8.9230356,0,0,0,48,0
2005,1,200501,George W. Bush,51,44,7,50.5,2.4051294,0.5,0.99009901,-1,-2.222222222,0,1,8.269763,8.6555614,0,0,0,49,0
2005,2,200502,George W. Bush,52,44,8,51,3.4206693,1,1.9607843,0,0,0,1,8.4075222,8.269763,0,0,0,50,0
2005,3,200503,George W. Bush,51.5,43.5,8,52,2.9362092,-0.5,-0.96153843,-0.5,-1.1363636,0,1,8.3483505,8.4075222,0,0,0,51,0
2005,4,200504,George W. Bush,47.75,47.25,0.5,51.5,-0.79825085,-3.75,-7.2815533,3.75,8.6206894,0,1,8.7106419,8.3483505,0,0,0,52,0
2005,5,200505,George W. Bush,47.333332,47.333332,0,47.75,-1.1993788,-0.41666794,-0.872603,0.083332062,0.17636415,0,1,7.9027433,8.7106419,0,0,0,53,0
2005,6,200506,George W. Bush,45,50,-5,47.333332,-3.5171709,-2.3333321,-4.929575,2.6666679,5.6338058,0,1,7.5303125,7.9027433,0,0,0,54,0
2005,7,200507,George W. Bush,48,47.5,0.5,45,-0.50163108,3,6.6666665,-2.5,-5,0,1,8.1678982,7.5303125,0,0,0,55,0
2005,8,200508,George W. Bush,43,52.333332,-9.3333321,48,-5.4860911,-5,-10.416667,4.8333321,10.175436,0,1,8.5411577,8.1678982,0,0,0,56,0
2005,9,200509,George W. Bush,43.5,52.25,-8.75,43,-4.970551,0.5,1.1627907,-0.083332062,-0.15923324,0,1,9.6866817,8.5411577,0,0,0,57,0
2005,10,200510,George W. Bush,40,55.5,-15.5,43.5,-8.4550114,-3.5,-8.0459766,3.25,6.2200956,0,1,9.3478279,9.6866817,0,0,0,58,0
2005,11,200511,George W. Bush,38,56.666668,-18.666668,40,-10.439471,-2,-5,1.1666679,2.1021044,0,1,8.4555006,9.3478279,0,0,0,59,0
2005,12,200512,George W. Bush,42.25,53.75,-11.5,38,-6.1739316,4.25,11.184211,-2.9166679,-5.1470609,0,1,8.3156595,8.4555006,0,0,0,60,0
2006,1,200601,George W. Bush,43,53.666668,-10.666668,42.25,-4.0408773,0.75,1.775147929,-0.083332,-0.155036279,0,1,8.6853199,8.3156595,0,0,0,61,0
2006,2,200602,George W. Bush,39.666668,57,-17.333332,43,-7.3586693,-3.3333321,-7.751935,3.3333321,6.2111778,0,1,8.3974943,8.6853199,0,0,0,62,0
2006,3,200603,George W. Bush,36.5,59.5,-23,39.666668,-10.509797,-3.1666679,-7.9831963,2.5,4.3859649,0,1,8.0626488,8.3974943,0,0,0,63,0
2006,4,200604,George W. Bush,35.666668,60.666668,-25,36.5,-11.32759,-0.83333206,-2.2831016,1.1666679,1.9607865,0,1,8.2457314,8.0626488,0,0,0,64,0
2006,5,200605,George W. Bush,32,63,-31,35.666668,-14.978718,-3.6666679,-10.280377,2.3333321,3.8461516,0,1,8.7666702,8.2457314,0,0,0,65,0
2006,6,200606,George W. Bush,37,57.666668,-20.666668,32,-9.9631777,5,15.625,-5.3333321,-8.4656067,0,1,8.9187622,8.7666702,0,0,0,66,0
2006,7,200607,George W. Bush,39,56.666668,-17.666668,37,-7.9476376,2,5.4054055,-1,-1.734104,0,1,8.8453465,8.9187622,0,0,0,67,0
2006,8,200608,George W. Bush,39.5,56.5,-17,39,-7.4320979,0.5,1.2820513,-0.16666794,-0.29411989,0,1,8.5187378,8.8453465,0,0,0,68,0
2006,9,200609,George W. Bush,41.5,53.5,-12,39.5,-5.4165578,2,5.0632911,-3,-5.3097343,0,1,6.5623693,8.5187378,0,0,0,69,0
2006,10,200610,George W. Bush,37,58,-21,41.5,-9.9010181,-4.5,-10.843373,4.5,8.4112148,0,1,5.705224,6.5623693,0,0,0,70,0
2006,11,200611,George W. Bush,35.5,59,-23.5,37,-11.385478,-1.5,-4.0540543,1,1.7241379,0,1,6.473681,5.705224,0,0,0,71,0
2006,12,200612,George W. Bush,36.5,60,-23.5,35.5,-10.369938,1,2.8169014,1,1.6949153,0,1,6.9406505,6.473681,0,0,0,72,0
2007,1,200701,George W. Bush,35.5,61,-25.5,36.5,-9.9868841,-1,-2.739726027,1,1.666666667,0,1,6.6756415,6.9406505,0,0,0,73,0
2007,2,200702,George W. Bush,34.5,62,-27.5,35.5,-10.971344,-1,-2.8169014,1,1.6393442,0,1,6.9151969,6.6756415,0,0,0,74,0
2007,3,200703,George W. Bush,34,62,-28,34.5,-11.455804,-0.5,-1.4492754,0,0,0,1,7.1787796,6.9151969,0,0,0,75,0
2007,4,200704,George W. Bush,37,59,-22,34,-8.4402647,3,8.8235292,-3,-4.8387098,0,1,7.0736995,7.1787796,0,0,0,76,0
2007,5,200705,George W. Bush,33.5,62.5,-29,37,-11.924725,-3.5,-9.4594593,3.5,5.9322033,0,1,7.090867,7.0736995,0,0,0,77,0
2007,6,200706,George W. Bush,32,63.5,-31.5,33.5,-13.409184,-1.5,-4.477612,1,1.6,0,1,7.2870436,7.090867,0,0,0,78,0
2007,7,200707,George W. Bush,30,64.5,-34.5,32,-15.393644,-2,-6.25,1,1.5748031,0,1,7.0582285,7.2870436,0,0,0,79,0
2007,8,200708,George W. Bush,33,62.5,-29.5,30,-12.378104,3,10,-2,-3.1007752,0,1,6.5700898,7.0582285,0,0,0,80,0
2007,9,200709,George W. Bush,34.5,62,-27.5,33,-10.862565,1.5,4.5454545,-0.5,-0.80000001,0,1,7.4550571,6.5700898,0,0,0,81,0
2007,10,200710,George W. Bush,32,64,-32,34.5,-13.347025,-2.5,-7.246377,2,3.2258065,0,1,8.2361755,7.4550571,0,0,0,82,0
2007,11,200711,George W. Bush,32.333332,62.333332,-30,32,-12.998153,0.33333206,1.0416627,-1.6666679,-2.6041687,0,1,9.0062046,8.2361755,0,0,0,83,0
2007,12,200712,George W. Bush,34.5,61,-26.5,32.333332,-10.815945,2.1666679,6.701035,-1.3333321,-2.1390355,0,1,9.0812645,9.0062046,0,0,0,84,0
2008,1,200801,George W. Bush,33.333332,61.666668,-28.333336,34.5,-10.599559,-1.166668,-3.381646377,0.666668,1.092898361,0,1,9.2802944,9.0812645,0,1,0,85,0
2008,2,200802,George W. Bush,32,62.666668,-30.666668,33.333332,-11.917351,-1.3333321,-3.9999964,1,1.6216216,0,1,8.9265556,9.2802944,0,1,0,86,0
2008,3,200803,George W. Bush,32,64,-32,32,-11.901811,0,0,1.3333321,2.1276574,0,1,9.0814533,8.9265556,0,1,0,87,0
2008,4,200804,George W. Bush,28,68,-40,32,-15.886271,-4,-12.5,4,6.25,0,1,8.9368868,9.0814533,0,1,0,88,0
2008,5,200805,George W. Bush,28,67.5,-39.5,28,-15.870731,0,0,-0.5,-0.7352941,0,1,9.5755424,8.9368868,0,1,0,89,0
2008,6,200806,George W. Bush,29,66,-37,28,-14.855191,1,3.5714285,-1.5,-2.2222223,0,1,10.621788,9.5755424,0,1,0,90,0
2008,7,200807,George W. Bush,31.5,63,-31.5,29,-12.339651,2.5,8.6206894,-3,-4.5454545,0,1,11.400127,10.621788,0,1,0,91,0
2008,8,200808,George W. Bush,31,63.5,-32.5,31.5,-12.824111,-0.5,-1.5873016,0.5,0.79365081,0,1,11.47185,11.400127,0,1,0,92,0
2008,9,200809,George W. Bush,30,66.5,-36.5,31,-13.808571,-1,-3.2258065,3,4.7244096,0,1,11.036926,11.47185,0,1,0,93,0
2008,10,200810,George W. Bush,26.5,69.25,-42.75,30,-17.293032,-3.5,-11.666667,2.75,4.1353383,0,1,10.155183,11.036926,0,1,0,94,0
2008,11,200811,George W. Bush,28.5,67,-38.5,26.5,-15.277492,2,7.5471697,-2.25,-3.2490976,0,1,7.8695755,10.155183,1,1,0,95,0
2008,12,200812,George W. Bush,30.5,64,-33.5,28.5,-13.261951,2,7.0175438,-3,-4.477612,0,1,7.3914137,7.8695755,0,0,0,96,0
2009,1,200901,Barack Obama,63.583332,19.833334,43.75,,9.9796495,,,,,1,0,7.8298483,7.3914137,0,0,0,1,1
2009,2,200902,Barack Obama,63.692307,22.653847,41.03846,63.583332,10.104164,0.10897446,0.1713884,2.8205128,14.221072,1,0,8.536191,7.8298483,0,0,0,2,1
2009,3,200903,Barack Obama,61.870968,27.612904,34.258064,63.692307,8.2983656,-1.8213387,-2.8595898,4.9590569,21.890574,1,0,8.3164434,8.536191,0,0,0,3,1
2009,4,200904,Barack Obama,63.034481,28.586206,34.448273,61.870968,9.4774179,1.1635132,1.8805479,0.97330284,3.5248117,1,0,8.2631178,8.3164434,0,0,0,4,1
2009,5,200905,Barack Obama,64.400002,28.466667,35.933334,63.034481,10.858479,1.3655205,2.1663072,-0.11953926,-0.41817114,1,0,8.1185637,8.2631178,0,0,0,5,1
2009,6,200906,Barack Obama,60.517242,32.137932,28.379311,64.400002,6.9912596,-3.8827591,-6.029129,3.6712646,12.896714,1,0,8.0732193,8.1185637,0,0,0,6,1
2009,7,200907,Barack Obama,57.099998,35.933334,21.166664,60.517242,3.5895555,-3.417244,-5.646728,3.7954025,11.809729,1,0,7.4028358,8.0732193,0,0,0,7,1
2009,8,200908,Barack Obama,53.19355,39.903225,13.290325,57.099998,-0.30135295,-3.9064484,-6.8414159,3.9698906,11.047933,1,0,8.1156521,7.4028358,0,0,0,8,1
2009,9,200909,Barack Obama,52.07143,40.464287,11.607143,53.19355,-1.4079329,-1.1221199,-2.1095037,0.56106186,1.4060564,1,0,8.5137892,8.1156521,0,0,0,9,1
2009,10,200910,Barack Obama,52.645161,40.064518,12.580643,52.07143,-0.81866252,0.57373047,1.1018143,-0.39976883,-0.98795474,1,0,9.8171539,8.5137892,0,0,0,10,1
2009,11,200911,Barack Obama,50.931034,41.965519,8.9655151,52.645161,-2.5172491,-1.7141266,-3.2560003,1.901001,4.7448492,1,0,11.738295,9.8171539,0,0,0,11,1
2009,12,200912,Barack Obama,50.16,42.799999,7.3600006,50.931034,-3.2727435,-0.77103424,-1.5138791,0.83448029,1.9884903,1,0,12.621335,11.738295,0,0,0,12,1
2010,1,201001,Barack Obama,49.433334,44.033333,5.4000015,50.16,-2.6163549,-0.726666,-1.448696172,1.233334,2.881621563,1,0,12.425705,12.621335,0,0,0,13,0
2010,2,201002,Barack Obama,50.285713,42.57143,7.714283,49.433334,-1.7484362,0.85237885,1.7242997,-1.4619026,-3.3199909,1,0,11.943335,12.425705,0,0,0,14,0
2010,3,201003,Barack Obama,48.5,44.366665,4.1333351,50.285713,-3.5186095,-1.7857132,-3.5511343,1.7952347,4.2169943,1,0,12.213958,11.943335,0,0,0,15,0
2010,4,201004,Barack Obama,48.392857,45.035713,3.3571434,48.5,-3.6102128,-0.1071434,-0.22091423,0.66904831,1.5079978,1,0,12.136446,12.213958,0,0,0,16,0
2010,5,201005,Barack Obama,48.517242,44.206898,4.3103447,48.392857,-3.4702871,0.12438583,0.25703347,-0.82881546,-1.8403516,1,0,11.620982,12.136446,0,0,0,17,0
2010,6,201006,Barack Obama,46.366665,45.533333,0.83333206,48.517242,-5.6053247,-2.1505775,-4.4326048,1.3264351,3.0005162,1,0,10.45335,11.620982,0,0,0,18,0
2010,7,201007,Barack Obama,45.533333,46.599998,-1.0666656,46.366665,-6.4231167,-0.83333206,-1.7972655,1.0666656,2.3426039,1,0,10.635194,10.45335,0,0,0,19,0
2010,8,201008,Barack Obama,44.032257,48.580647,-4.5483894,45.533333,-7.9086528,-1.5010757,-3.2966526,1.980648,4.2503181,1,0,10.648103,10.635194,0,0,0,20,0
2010,9,201009,Barack Obama,45.166668,47.366665,-2.1999969,44.032257,-6.7587018,1.1344109,2.5763178,-1.2139816,-2.4988997,1,0,10.643683,10.648103,0,0,0,21,0
2010,10,201010,Barack Obama,44.833332,47.700001,-2.8666687,45.166668,-7.076498,-0.33333588,-0.73801297,0.33333588,0.70373517,1,0,10.572186,10.643683,0,0,0,22,0
2010,11,201011,Barack Obama,45.185184,47.037037,-1.8518524,44.833332,-6.7091055,0.35185242,0.78480095,-0.66296387,-1.3898613,1,0,10.943157,10.572186,0,0,0,23,0
2010,12,201012,Barack Obama,46.279999,45.959999,0.31999969,45.185184,-5.5987511,1.0948143,2.4229498,-1.0770378,-2.2897654,1,0,10.795722,10.943157,0,0,0,24,0
2011,1,201101,Barack Obama,49.103447,42.896553,6.2068939,46.279999,-1.392249,2.823448,6.100795292,-3.063446,-6.665461416,1,0,10.731853,10.795722,0,0,0,25,0
2011,2,201102,Barack Obama,47.333332,44.370369,2.9629631,49.103447,-3.1468239,-1.7701149,-3.6048689,1.4738159,3.4357443,1,0,11.107589,10.731853,0,0,0,26,0
2011,3,201103,Barack Obama,46.833332,44.933334,1.8999977,47.333332,-3.631284,-0.5,-1.0563381,0.56296539,1.2687868,1,0,11.681602,11.107589,0,0,0,27,0
2011,4,201104,Barack Obama,44.137932,47.103447,-2.9655151,46.833332,-6.3111444,-2.6954002,-5.7553034,2.1701126,4.8296275,1,0,12.263633,11.681602,0,0,0,28,0
2011,5,201105,Barack Obama,49.900002,42.133335,7.7666664,44.137932,-0.53353471,5.7620697,13.054689,-4.9701118,-10.551482,1,0,12.568651,12.263633,0,0,0,29,0
2011,6,201106,Barack Obama,45.966667,45.900002,0.066665649,49.900002,-4.4513292,-3.9333344,-7.8824334,3.7666664,8.9398727,1,0,12.658831,12.568651,0,0,0,30,0
2011,7,201107,Barack Obama,43.933334,47.833332,-3.8999977,45.966667,-6.4691219,-2.0333328,-4.4234943,1.9333305,4.212049,1,0,12.628714,12.658831,0,0,0,31,0
2011,8,201108,Barack Obama,40.566666,51.700001,-11.133335,43.933334,-9.8202505,-3.3666687,-7.6631303,3.8666687,8.0836277,1,0,12.771209,12.628714,0,0,0,32,0
2011,9,201109,Barack Obama,41.206898,50.586208,-9.3793106,40.566666,-9.1644783,0.64023209,1.5782222,-1.1137924,-2.1543374,1,0,12.868362,12.771209,0,0,0,33,0
2011,10,201110,Barack Obama,41.200001,50.966667,-9.7666664,41.206898,-9.1558361,-0.006896973,-0.016737422,0.38045883,0.75209993,1,0,12.325203,12.868362,0,0,0,34,0
2011,11,201111,Barack Obama,42.517242,49.068966,-6.5517235,41.200001,-7.8230543,1.3172417,3.1971884,-1.8977013,-3.7234163,1,0,11.994379,12.325203,0,0,0,35,0
2011,12,201112,Barack Obama,43.192307,49.076923,-5.8846169,42.517242,-7.1324501,0.67506409,1.587742,0.007957459,0.016216887,1,0,11.462418,11.994379,0,0,0,36,0
2012,1,201201,Barack Obama,44.833332,47.166668,-2.3333359,43.192307,-4.1083708,1.641025,3.799345564,-1.910255,-3.892369128,1,0,11.22521,11.462418,0,1,1,37,0
2012,2,201202,Barack Obama,45.629631,47.296295,-1.6666641,44.833332,-3.2965317,0.79629898,1.7761316,0.12962723,0.27482805,1,0,11.171094,11.22521,0,1,1,38,0
2012,3,201203,Barack Obama,46.451614,45.838711,0.61290359,45.629631,-2.4590085,0.82198334,1.8014245,-1.4575844,-3.0818152,1,0,10.851399,11.171094,0,1,1,39,0
2012,4,201204,Barack Obama,47.642857,45.535713,2.1071434,46.451614,-1.2522262,1.1912422,2.5644796,-0.30299759,-0.66100812,1,0,10.50274,10.851399,0,1,1,40,0
2012,5,201205,Barack Obama,47.166668,46.266666,0.90000153,47.642857,-1.712875,-0.47618866,-0.99949646,0.73095322,1.6052307,1,0,9.904253,10.50274,0,1,1,41,0
2012,6,201206,Barack Obama,46.466667,46.766666,-0.29999924,47.166668,-2.3973358,-0.70000076,-1.4841005,0.5,1.0806917,1,0,9.8639917,9.904253,0,1,1,42,0
2012,7,201207,Barack Obama,45.758621,47,-1.2413788,46.466667,-3.0898418,-0.70804596,-1.5237718,0.23333359,0.49893141,1,0,9.6084538,9.8639917,0,1,1,43,0
2012,8,201208,Barack Obama,45.032257,47.967743,-2.9354858,45.758621,-3.8006661,-0.72636414,-1.5873821,0.96774292,2.0590274,1,0,9.7923794,9.6084538,0,1,1,44,0
2012,9,201209,Barack Obama,49.066666,44.566666,4.5,45.032257,0.24928246,4.0344086,8.95893,-3.4010773,-7.0903425,1,0,9.7912779,9.7923794,0,1,1,45,0
2012,10,201210,Barack Obama,50.080002,44.799999,5.2800026,49.066666,1.2781585,1.0133362,2.0652232,0.23333359,0.52356076,1,0,9.9623423,9.7912779,0,1,1,46,0
2012,11,201211,Barack Obama,51.392857,42.07143,9.3214264,50.080002,2.6065533,1.3128548,2.621515,-2.728569,-6.0905561,1,0,9.4641323,9.9623423,1,1,1,47,0
2012,12,201212,Barack Obama,52.666668,40.777779,11.888889,51.392857,3.8959045,1.2738113,2.4785767,-1.2936516,-3.0748932,1,0,9.6410227,9.4641323,0,0,0,48,0
2013,1,201301,Barack Obama,52.172413,41.827587,10.344826,52.666668,4.7847037,-0.494255,-0.938458837,1.049808,2.574460958,1,1,9.5948668,9.6410227,0,0,0,49,0
2013,2,201302,Barack Obama,50.96154,42.692307,8.2692337,52.172413,3.5893707,-1.2108727,-2.3209059,0.86471939,2.0673423,1,1,9.6779261,9.5948668,0,0,0,50,0
2013,3,201303,Barack Obama,48,45.033333,2.9666672,50.96154,0.64337051,-2.9615402,-5.8113241,2.3410263,5.4834852,1,1,8.9738951,9.6779261,0,0,0,51,0
2013,4,201304,Barack Obama,49.533333,43.700001,5.8333321,48,2.1922433,1.5333328,3.1944435,-1.3333321,-2.960767,1,1,8.663085,8.9738951,0,0,0,52,0
2013,5,201305,Barack Obama,48.967743,44.225807,4.7419357,49.533333,1.6421933,-0.5655899,-1.141837,0.52580643,1.2032183,1,1,8.8619671,8.663085,0,0,0,53,0
2013,6,201306,Barack Obama,46.866665,45.299999,1.5666656,48.967743,-0.4433448,-2.101078,-4.2907391,1.074192,2.4288807,1,1,9.2544174,8.8619671,0,0,0,54,0
2013,7,201307,Barack Obama,46,46.586208,-0.58620834,46.866665,-1.2944697,-0.86666489,-1.849214,1.2862091,2.8393137,1,1,9.2606773,9.2544174,0,0,0,55,0
2013,8,201308,Barack Obama,45.161289,46.709679,-1.5483894,46,-2.1176405,-0.83871078,-1.8232843,0.12347031,0.26503617,1,1,8.818368,9.2606773,0,0,0,56,0
2013,9,201309,Barack Obama,44.400002,47.433334,-3.0333328,45.161289,-2.8633883,-0.76128769,-1.6857085,0.7236557,1.5492629,1,1,8.4849272,8.818368,0,0,0,57,0
2013,10,201310,Barack Obama,42.645161,50.774193,-8.1290321,44.400002,-4.6026893,-1.7548409,-3.9523442,3.3408585,7.0432715,1,1,8.1636143,8.4849272,0,0,0,58,0
2013,11,201311,Barack Obama,41,52.42857,-11.42857,42.645161,-6.2323098,-1.6451607,-3.8577898,1.654377,3.2583029,1,1,8.1370754,8.1636143,0,0,0,59,0
2013,12,201312,Barack Obama,41.23077,50.884617,-9.6538467,41,-5.9860001,0.23077011,0.56285393,-1.5439529,-2.9448695,1,1,8.2017345,8.1370754,0,0,0,60,0
2014,1,201401,Barack Obama,41.133335,51.099998,-9.9666634,41.23077,-4.7003808,-0.097435,-0.236316227,0.215381,0.423273305,1,1,8.1789474,8.2017345,0,0,0,61,0
2014,2,201402,Barack Obama,41.846153,52.076923,-10.23077,41.133335,-3.9720228,0.71281815,1.7329452,0.9769249,1.9117905,1,1,7.8263512,8.1789474,0,0,0,62,0
2014,3,201403,Barack Obama,42.666668,52.266666,-9.5999985,41.846153,-3.1359682,0.82051468,1.9607887,0.18974304,0.36435148,1,1,8.2122049,7.8263512,0,0,0,63,0
2014,4,201404,Barack Obama,43.758621,50.689655,-6.9310341,42.666668,-2.028475,1.0919533,2.5592654,-1.5770111,-3.0172408,1,1,8.1528578,8.2122049,0,0,0,64,0
2014,5,201405,Barack Obama,44.129032,50.80645,-6.6774178,43.758621,-1.6425241,0.37041092,0.84648675,0.11679459,0.23041108,1,1,8.3271055,8.1528578,0,0,0,65,0
2014,6,201406,Barack Obama,42.103447,52.206898,-10.103451,44.129032,-3.6525693,-2.0255852,-4.5901418,1.4004478,2.7564371,1,1,8.1723433,8.3271055,0,0,0,66,0
2014,7,201407,Barack Obama,42.099998,52.466667,-10.366669,42.103447,-3.6404779,-0.003448486,-0.008190508,0.25976944,0.49757686,1,1,8.1923313,8.1723433,0,0,0,67,0
2014,8,201408,Barack Obama,41.633335,52.166668,-10.533333,42.099998,-4.0916014,-0.46666336,-1.1084641,-0.29999924,-0.57179016,1,1,7.8996139,8.1923313,0,0,0,68,0
2014,9,201409,Barack Obama,41.714287,53,-11.285713,41.633335,-3.9951098,0.080951691,0.1944396,0.83333206,1.5974416,1,1,7.6579204,7.8996139,0,0,0,69,0
2014,10,201410,Barack Obama,41.5,53.400002,-11.900002,41.714287,-4.1938567,-0.2142868,-0.5137012,0.40000153,0.75471985,1,1,7.364337,7.6579204,0,0,0,70,0
2014,11,201411,Barack Obama,42.068966,52.793102,-10.724136,41.5,-3.6093507,0.56896591,1.3710022,-0.60689926,-1.1365154,1,1,7.1223555,7.364337,0,0,0,71,0
2014,12,201412,Barack Obama,44.23077,50.53846,-6.3076897,42.068966,-1.4320066,2.1618042,5.1387148,-2.2546425,-4.2707143,1,1,6.3564935,7.1223555,0,0,0,72,0
2015,1,201501,Barack Obama,46.448277,48.206898,-1.7586212,44.23077,2.1685538,2.217507,5.013494,-2.331562,-4.613440932,1,1,5.6106515,6.3564935,0,0,0,73,0
2015,2,201502,Barack Obama,45.923077,49.46154,-3.5384636,46.448277,1.6588938,-0.52519989,-1.1307199,1.2546425,2.6026204,1,1,5.4748678,5.6106515,0,0,0,74,0
2015,3,201503,Barack Obama,46.19355,48.935482,-2.7419319,45.923077,1.9449073,0.27047348,0.58897072,-0.5260582,-1.0635701,1,1,5.4263644,5.4748678,0,0,0,75,0
2015,4,201504,Barack Obama,46.793102,48.620689,-1.8275871,46.19355,2.5599995,0.59955215,1.2979132,-0.31479263,-0.64328092,1,1,5.2004795,5.4263644,0,0,0,76,0
2015,5,201505,Barack Obama,46.451614,48.645161,-2.1935463,46.793102,2.2340515,-0.34148788,-0.72978252,0.024471283,0.050331008,1,1,5.4600668,5.2004795,0,0,0,77,0
2015,6,201506,Barack Obama,45.551723,49.275864,-3.7241402,46.451614,1.3497005,-0.8998909,-1.937265,0.63070297,1.296538,1,1,5.4237704,5.4600668,0,0,0,78,0
2015,7,201507,Barack Obama,45.966667,48.866665,-2.8999977,45.551723,1.780184,0.4149437,0.91092867,-0.40919876,-0.83042431,1,1,5.469573,5.4237704,0,0,0,79,0
2015,8,201508,Barack Obama,45.354839,50.161289,-4.8064499,45.966667,1.1838962,-0.61182785,-1.331025,1.2946243,2.6492996,1,1,5.2950745,5.469573,0,0,0,80,0
2015,9,201509,Barack Obama,46.655174,49.379311,-2.7241364,45.354839,2.4997711,1.3003349,2.8670259,-0.78197861,-1.5589285,1,1,5.0638709,5.2950745,0,0,0,81,0
2015,10,201510,Barack Obama,46.233334,49.400002,-3.1666679,46.655174,2.0934703,-0.42184067,-0.90416694,0.020690918,0.041901998,1,1,5.1705737,5.0638709,0,0,0,82,0
2015,11,201511,Barack Obama,46.892857,49.035713,-2.1428566,46.233334,2.7685332,0.65952301,1.4265097,-0.36428833,-0.73742574,1,1,5.5017967,5.1705737,0,0,0,83,0
2015,12,201512,Barack Obama,45.666668,50,-4.3333321,46.892857,1.5578845,-1.2261887,-2.6148729,0.9642868,1.966499,1,1,5.7295189,5.5017967,0,0,0,84,0
2016,1,201601,Barack Obama,47.766666,47.866665,-0.099998474,45.666668,5.0409369,2.099998,4.598535632,-2.133335,-4.26667,1,1,6.2730865,5.7295189,0,1,0,85,0
2016,2,201602,Barack Obama,47.857143,48.142857,-0.2857132,47.766666,5.1469541,0.09047699,0.1894145,0.27619171,0.57700223,1,1,5.9177966,6.2730865,0,1,0,86,0
2016,3,201603,Barack Obama,50.900002,45.5,5.4000015,47.857143,8.2053518,3.0428581,6.358211,-2.6428566,-5.4896131,1,1,5.8525362,5.9177966,0,1,0,87,0
2016,4,201604,Barack Obama,50.366665,45.566666,4.7999992,50.900002,7.6875553,-0.53333664,-1.0478126,0.066665649,0.14651792,1,1,6.1251116,5.8525362,0,1,0,88,0
2016,5,201605,Barack Obama,51.290321,44.548386,6.7419357,50.366665,8.6267519,0.92365646,1.8338647,-1.01828,-2.2347038,1,1,5.7222657,6.1251116,0,1,0,89,0
2016,6,201606,Barack Obama,51.433334,44.299999,7.1333351,51.290321,8.785305,0.143013,0.27883038,-0.24838638,-0.55756539,1,1,5.905705,5.7222657,0,1,0,90,0
2016,7,201607,Barack Obama,49.846153,45.76923,4.0769234,51.433334,7.2136636,-1.5871811,-3.0858996,1.4692307,3.3165479,1,1,5.74,5.905705,0,1,0,91,0
2016,8,201608,Barack Obama,51.33333333,44.4,-6.933333333,49.846153,8.716382,1.487180333,2.98,-1.36923,-2.991595008,1,1,5.96,5.74,0,1,0,92,0
2016,9,201609,Barack Obama,51.89655172,44.24137931,-7.655172414,51.33333333,9.2951431,0.563218391,1.1,-0.15862069,-0.357253806,1,1,6.46,5.96,0,1,0,93,0
2016,10,201610,Barack Obama,53.43333333,43.5,-9.933333333,51.89655172,10.847465,1.536781609,2.96,-0.74137931,-1.675759938,1,1,6.54,6.46,0,1,0,94,0
2016,11,201611,Barack Obama,55.88888889,41.25925926,-14.62962963,53.43333333,13.31856,2.455555556,4.6,-2.240740741,-5.15112814,1,1,6.29,6.54,0,1,0,95,0
2016,12,201612,Barack Obama,55.88888889,40.51851852,-15.37037037,55.88888889,13.334099,0,0,-0.740740741,-1.795332136,1,1,6.77,6.29,0,1,0,96,0
2017,1,201701,Barack Obama,55.11764706,40.94117647,-14.17647059,55.88888889,13.94591,-0.77124183,-1.38,0.422657952,1.043122916,0,0,7.3,6.77,0,0,0,97,1
2017,2,201702,Donald Trump,41.5,52.75,11.25,55.11764706,-0.57425588,-13.61764706,-24.71,11.80882353,28.8433908,0,0,7.44,7.3,0,0,0,1,1
2017,3,201703,Donald Trump,39.75,55,15.25,41.5,-2.3087161,-1.75,-4.22,2.25,4.265402844,0,0,6.88,7.44,0,0,0,2,1
2017,4,201704,Donald Trump,40.5,53.25,12.75,39.75,-1.5431761,0.75,1.89,-1.75,-3.181818182,0,0,6.6,6.88,0,0,0,3,1
2017,5,201705,Donald Trump,39.4,55,15.6,40.5,-2.6276345,-1.1,-2.72,1.75,3.286384977,0,0,6.17,6.6,0,0,0,4,1
2017,6,201706,Donald Trump,38.25,56.75,18.5,39.4,-3.7620962,-1.15,-2.92,1.75,3.181818182,0,0,6.03,6.17,0,0,0,5,1
2017,7,201707,Donald Trump,37.8,57.2,19.4,38.25,-4.196557,-0.45,-1.18,0.45,0.792951542,0,0,6.03,6.03,0,0,0,6,1
2017,8,201708,Donald Trump,36,58.75,22.75,37.8,-5.9810162,-1.8,-4.76,1.55,2.70979021,0,0,6.34,6.03,0,0,0,7,1
2017,9,201709,Donald Trump,37.5,56.75,19.25,36,-4.4654765,1.5,4.17,-2,-3.404255319,0,0,6.43,6.34,0,0,0,8,1
2017,10,201710,Donald Trump,36.8,57.8,21,37.5,-5.1499372,-0.7,-1.87,1.05,1.850220264,0,0,6.14,6.43,0,0,0,9,1
2017,11,201711,Donald Trump,37,57,20,36.8,-4.9343963,0.2,0.54,-0.8,-1.384083045,0,0,6.3,6.14,0,0,0,10,1
2017,12,201712,Donald Trump,36.75,57.75,21,37,-5.1688566,-0.25,-0.68,0.75,1.315789474,0,0,6.21,6.3,0,0,0,11,1
2018,1,201801,Donald Trump,37.8,57.8,20,36.75,-2.7358034,1.05,2.86,0.05,0.086580087,0,0,6.17,6.21,0,0,0,12,1
2018,2,201802,Donald Trump,38.75,56.75,18,37.8,-1.7702626,0.95,2.51,-1.05,-1.816608997,0,0,6.31,6.17,0,0,0,13,1
2018,3,201803,Donald Trump,39.25,55.5,16.25,38.75,-1.2547226,0.5,1.29,-1.25,-2.202643172,0,0,6.46,6.31,0,0,0,14,1
2018,4,201804,Donald Trump,40.4,54.2,13.8,39.25,-0.08918117,1.15,2.93,-1.3,-2.342342342,0,0,6.36,6.46,0,0,0,15,1
2018,5,201805,Donald Trump,41.5,54,12.5,40.4,1.0263573,1.1,2.72,-0.2,-0.36900369,0,0,6.6,6.36,0,0,0,16,1
2018,6,201806,Donald Trump,42.5,53,10.5,41.5,2.0418971,1,2.41,-1,-1.851851852,0,0,6.87,6.6,0,0,0,17,1
2018,7,201807,Donald Trump,41.4,54.2,12.8,42.5,0.95743865,-1.1,-2.59,1.2,2.264150943,0,0,6.85,6.87,0,0,0,18,1
2018,8,201808,Donald Trump,40.75,53.75,13,41.4,0.32297704,-0.65,-1.57,-0.45,-0.830258303,0,0,6.6,6.85,0,0,0,19,1
2018,9,201809,Donald Trump,40,54.75,14.75,40.75,-0.41148302,-0.75,-1.84,1,1.860465116,0,0,5.98,6.6,0,0,0,20,1
2018,10,201810,Donald Trump,42.2,52.4,10.2,40,1.8040577,2.2,5.5,-2.35,-4.292237443,0,0,6.22,5.98,0,0,0,21,1
2018,11,201811,Donald Trump,39.75,56.25,16.5,42.2,-0.63040316,-2.45,-5.81,3.85,7.347328244,0,0,5.88,6.22,0,0,0,22,1
2018,12,201812,Donald Trump,39,56,17,39.75,-1.3648633,-0.75,-1.89,-0.25,-0.444444444,0,0,5.81,5.88,0,0,0,23,1
2019,1,201901,Donald Trump,37,59,22,39,-1.9818091,-2,-5.13,3,5.357142857,0,0,5.55,5.81,0,0,0,24,1
2019,2,201902,Donald Trump,43.5,53,9.5,37,4.533731,6.5,17.57,-6,-10.16949153,0,0,5.32,5.55,0,0,0,25,1
2019,3,201903,Donald Trump,39,57,18,43.5,0.049270689,-4.5,-10.34,4,7.547169811,0,0,5.66,5.32,0,0,0,26,1
2019,4,201904,Donald Trump,45.5,50.5,5,39,6.5648108,6.5,16.67,-6.5,-11.40350877,0,0,5.6,5.66,0,0,0,27,1
2019,5,201905,Donald Trump,41,53.5,12.5,45.5,2.0803506,-4.5,-9.89,3,5.940594059,0,0,5.39,5.6,0,0,0,28,1
2019,6,201906,Donald Trump,42,54.5,12.5,41,3.0958905,1,2.44,1,1.869158879,0,0,5.35,5.39,0,0,0,29,1
2019,7,201907,Donald Trump,43,52.5,9.5,42,4.1114306,1,2.38,-2,-3.669724771,0,0,5.51,5.35,0,0,0,30,1
2019,8,201908,Donald Trump,40,55.5,15.5,43,1.1269704,-3,-6.98,3,5.714285714,0,0,5.45,5.51,0,0,0,31,1
2019,9,201909,Donald Trump,41.5,55,13.5,40,2.6425102,1.5,3.75,-0.5,-0.900900901,0,0,5.21,5.45,0,0,0,32,1
2019,10,201910,Donald Trump,40,57,17,41.5,1.1580502,-1.5,-3.61,2,3.636363636,0,0,5.36,5.21,0,0,0,33,1
2019,11,201911,Donald Trump,43,54,11,40,4.1735902,3,7.5,-3,-5.263157895,0,0,5.55,5.36,0,0,0,34,1
2019,12,201912,Donald Trump,45,51,6,43,6.1891303,2,4.65,-3,-5.555555556,0,0,5.79,5.55,0,0,0,35,1
2020,1,202001,Donald Trump,46.5,51.5,5,45,9.0721846,1.5,3.33,0.5,0.980392157,0,0,6.09,5.79,0,1,1,36,1
